,season,yr,mnth,holiday,weekday,workingday,weathersit,atemp,hum,windspeed,registered
0,0,0,0,1,0,0,1,-0.6916977112188847,1.254842044948177,-0.3601091150420156,654
1,0,0,1,0,2,1,1,-0.752316475666565,0.46570793010632366,0.8670642392666278,670
2,0,0,1,0,2,1,2,-1.7599762002007655,-1.3953071118877307,0.86386024040757,1229
3,1,0,1,0,0,0,2,-1.6206805829685225,-0.29398807249305575,-0.36219867951531415,1454
4,1,0,2,0,0,1,2,-1.5155328414402176,-1.397579325729602,0.008406475468931382,1518
5,1,0,2,0,2,1,2,-1.4913797650534673,-0.8129588377564456,-1.3475091251685873,1518
6,2,0,2,0,0,0,1,-1.6408112125135088,-0.9536419510988987,-0.24476515611593105,1362
7,2,0,2,0,1,1,1,-1.9264601242872486,-0.6866064908280738,1.1215035399652915,891
8,2,0,2,0,2,0,2,-2.2090063560275546,-1.4176409605992901,2.4469282158084367,768
9,1,0,2,0,0,1,2,-1.9961539212437867,-1.0671016416396892,0.5150144168052739,1280
10,1,0,1,0,2,1,1,-1.7473508678117535,0.3957942111679808,-0.8938396032417745,1220
11,1,0,1,0,2,0,2,-1.9373808221914888,-0.22848216078593844,1.6483941871224526,1137
12,0,0,0,0,2,0,2,-1.9961845801373979,-1.156983518295997,1.5978685181580923,1368
13,0,0,0,0,0,0,2,-1.766058924693189,-0.6722757244139921,-0.8323228251478626,1367
14,0,0,0,0,0,1,1,-1.3999978667565038,-0.9532536613917433,-0.39469837229001903,1026
15,0,0,0,1,0,0,2,-1.4851989321014885,-1.0611119133793128,0.029761824386043644,953
16,0,0,0,0,1,1,1,-1.8374450925770547,-0.6746198437571888,0.10754934451204054,883
17,0,0,0,0,2,1,1,-1.4967512032141155,1.6563192210464415,-0.5505520211384528,674
18,0,0,0,0,2,1,1,-1.091508079242565,0.7939709247554256,0.30675449096651025,1572
19,0,0,0,0,2,0,1,-1.3574555859818724,-0.6686301154968123,0.13383606558613734,1844
20,0,0,0,0,0,0,2,-1.9535687180180996,-1.2528623137628139,2.32562203291854,1468
21,0,0,0,0,0,1,2,-2.4365284582263165,-1.6633204869765759,-0.19957484177339235,888
22,0,0,0,0,0,1,2,-2.315306258777761,-1.4007072150372417,0.8400531358417879,836
23,0,0,0,0,1,1,2,-2.1982450843700914,-1.003666608370733,-0.3895859045453482,1330
24,0,0,0,0,2,1,1,-1.4833042124763283,-0.1032803018787678,-0.7870767890860362,1799
25,0,0,0,0,2,1,0,-1.6729356012391206,1.6623089493068175,1.498265944930857,472
26,0,0,0,0,2,0,2,-1.5742139638116823,0.40396267611850645,-1.0093925186151889,416
27,0,0,0,0,0,0,1,-1.5520353201734807,1.162874908753443,-0.8775688612096889,1129
28,0,0,0,0,0,1,2,-1.6206560558536338,0.14682141283000846,-0.5701939271874602,975
29,0,0,0,0,0,1,2,-1.3864466357804393,0.653287811412972,-1.5645814409127423,956
30,0,0,0,0,1,1,1,-1.7793219620693101,-0.19824589747875668,0.012474160976952888,1459
31,0,0,0,0,0,1,1,-1.4832796853614396,1.4254881806927777,-1.8539108961435646,1313
32,0,0,1,0,2,1,1,-1.3613370019130255,1.0361342721179168,1.0867331871296018,1454
33,0,0,1,0,2,1,2,-1.830657213531578,-1.3913307376644555,1.2740138856564474,1489
34,1,0,1,0,0,1,1,-1.519720846307481,-0.33150836308446485,-0.8143386402476724,1620
35,1,0,2,0,1,1,1,-1.4309878764185082,2.1416813549905043,-0.3512911529646951,905
36,1,0,2,0,2,0,2,-1.1329037173961447,-0.4529136115216732,-0.6198559095028575,1269
37,2,0,2,0,0,1,2,-1.0594020858531197,0.7694799110041142,-1.962633721775257,1592
38,2,0,2,0,2,1,2,-1.7057651445177855,-0.6716213843519344,2.4469282158084367,1466
39,2,0,2,0,0,0,1,-2.036654319703925,-0.9817785737673894,0.03541757889377175,1552
40,1,0,2,0,0,1,2,-2.0043705047315363,-1.394458626972095,0.4964590842823823,1491
41,1,0,1,0,2,1,2,-1.6121758058808295,-0.8985048126828529,-1.0830427010840546,1597
42,1,0,1,0,0,0,2,-1.4929433686276286,-0.6266804460237804,0.23779886334765538,1184
43,0,0,1,0,0,1,2,-0.9339765520904958,-1.2506476243220024,1.0390214649892837,1192
44,0,0,1,0,2,1,2,-1.3622138462703006,-2.279205486925863,1.463774200691608,1675
45,0,0,1,0,2,1,2,-0.9824973171192731,-1.4945007509656323,0.9123659970477426,1897
46,0,0,1,0,2,0,2,-0.2929297455779784,-0.9083127230635893,0.6102567654982259,2216
47,0,0,1,0,0,0,2,0.21800071644943103,-0.8244205746676578,1.0953282623297704,2348
48,0,0,1,1,0,0,2,-1.220839556051231,-1.6070472416395944,0.5145686430509704,1173
49,0,0,1,0,1,1,1,-1.1794807085699845,-0.18925770981312587,1.6932362407194417,912
50,0,0,1,0,2,1,2,-1.7806525580520278,-0.3849988655201671,0.13075744059547748,1376
51,0,0,1,0,2,1,2,-1.4146834767961756,-1.497628640273272,-1.2841563164241372,1778
52,0,0,1,0,2,0,1,-1.1481105286272035,0.47508440747910935,0.8943260904282644,1707
53,0,0,1,0,0,0,1,-0.77241644631794,0.5813823100879256,2.2322463618217347,1341
54,0,0,1,0,0,1,2,-1.1910268479038892,-0.6716213843519344,0.0038233640574963723,1545
55,0,0,1,0,0,1,2,-0.7684430537059539,0.3500335501247217,-0.8504323839164506,1708
56,0,0,1,0,1,1,1,-0.46793071030959865,1.7619987363438614,1.4402596351520867,1365
57,0,0,0,0,1,1,2,-1.3033181116435586,-0.6925962190884503,0.4197024159632124,1714
58,0,0,1,0,2,0,2,-0.9587612016856325,-1.3067914397565985,1.693055145131756,1903
59,0,0,1,0,2,0,2,-1.694194478068992,-2.2505511446478317,0.5496593957725654,1562
60,1,0,1,0,0,1,1,-1.3535986971656078,-0.15030649974534835,0.23750632432139349,1730
61,1,0,2,0,2,1,1,-0.5987767364626488,1.1350043364398557,0.9134804314335017,1437
62,1,0,2,0,0,0,1,-0.6755895285156622,2.2789777192205474,2.1869446040406206,491
63,2,0,2,0,0,1,2,-1.459175663204467,-0.5753614897280946,2.1599892223350685,1628
64,2,0,2,0,2,1,2,-1.0671158634856488,-1.513519756066107,-0.9144845002379648,1817
65,2,0,2,0,0,1,1,-1.1639489130666492,1.0361342721179168,0.4715932670501285,1700
66,1,0,1,0,2,0,1,-1.0511732388079258,0.13118915684194354,0.6501813773680518,1730
67,1,0,1,0,0,1,2,-0.9239388303222522,-0.26416167054342654,0.480299785688873,1408
68,0,0,1,0,0,1,2,-0.5907318427791209,-0.7473091150466781,1.1744391732888568,1435
69,0,0,1,0,1,1,2,-0.8856152133084951,-0.9661463177793239,-0.6877528244552412,1687
70,0,0,1,0,2,1,1,-0.9703686588067595,0.1749580354984992,-0.027687268199846824,1767
71,0,0,1,0,2,1,1,-0.67143218254201,1.0440798300143335,0.23431625589215765,1871
72,0,0,1,0,2,0,2,-0.4052945906623143,-0.20423562573913312,0.3243346934018629,2320
73,0,0,1,0,0,0,2,0.3101368235292249,-0.7629413710347429,0.6229752479257036,2355
74,0,0,1,0,0,1,2,-0.06073768070438796,-1.813121217887045,2.533533698011754,1693
75,0,0,1,0,0,1,2,-0.9239388303222522,-1.1330174147043592,0.2984519547926036,1424
76,1,0,1,0,1,1,1,-0.40896139433819034,0.7627064127792947,1.4276804570228292,1676
77,1,0,1,0,2,1,2,-0.21944650937112006,-0.048445166568287526,0.5496036740532774,2243
78,1,0,1,0,2,1,1,-0.8491985794773428,1.4973936820178242,0.668165562268242,1918
79,1,0,1,0,2,0,1,-1.260677722409372,1.254842044948177,0.8008668367525275,1699
80,1,0,1,0,0,0,2,-1.3497172812344544,-0.9802182243886357,0.6189075624176821,1910
81,1,0,1,0,0,1,2,-1.3419973718232032,-1.7052629658994756,0.3242232499632869,1515
82,1,0,1,0,0,1,1,-1.3863423955421619,-0.9880343523826681,-0.027812642068244724,1221
83,1,0,1,0,1,1,2,-1.3419789764870367,-2.3667432442389744,0.3609020716845889,1806
84,1,0,1,0,2,1,2,-1.1253187071167818,-2.2805069764998462,0.566960989611478,2108
85,1,0,1,0,2,1,1,-1.0980813460327645,0.11035094255794516,-0.1867867071968048,1368
86,1,0,1,1,2,0,0,-1.3419728447083146,2.0637789348549482,0.4367114707758632,1506
87,0,0,0,0,2,1,1,-1.1832885431564713,0.3949744884528757,1.008722780126453,1920
88,0,0,1,0,0,0,1,-0.9859495085398724,0.16128160914647505,0.15113765942504997,1354
89,0,0,1,0,0,0,2,-0.598850317807315,-1.0880764763762052,-0.056885449106739844,1598
90,1,0,2,0,0,1,2,-0.5446392621243347,-1.1539922494408752,1.0693898020012236,2395
91,2,0,2,0,1,1,2,-0.2620378443755292,-0.20423562573913312,-0.3341149329941803,2570
92,2,0,2,0,2,0,1,-0.9317323210781702,1.473557008328571,0.56690526789219,1299
93,2,0,2,0,0,1,1,-0.8271854938646406,1.770167201294387,-0.7412874662611523,1576
94,1,0,2,0,2,1,1,-0.304708892503327,1.6263561986442943,-0.5506634645770287,1707
95,1,0,1,0,0,0,1,0.5444198249470861,0.6157675208215629,1.9248714277995056,2493
96,1,0,1,0,0,1,1,0.10193227701688556,0.7754768298146238,1.2339917607778683,1777
97,1,0,1,0,2,1,1,-0.3626787285430164,1.3507208404149946,0.8960116724367251,1953
98,1,0,1,0,2,0,2,-0.08393419961047502,-0.6536450090206728,-1.053092276966774,2738
99,1,0,1,0,0,0,2,-0.21165301861520253,0.28711623646530615,0.5583101926920219,2484
100,1,0,1,0,0,1,0,-0.3123429570124672,1.8480624308798093,2.1524110685119053,674
101,1,0,1,0,0,1,2,-0.18845649970911546,-1.0910749357814595,1.6326388709937811,2186
102,1,0,1,0,1,1,2,0.16381418788133936,-0.6386670930946655,-0.31663224356758174,2760
103,1,0,1,0,2,1,1,0.07865604498741029,0.24816502639752813,-0.39458692885144303,2795
104,1,0,1,0,2,1,2,0.5393611075012699,-0.12334193674845598,0.7749283764239798,3331
105,1,0,1,0,2,0,2,-0.1382004413019549,-1.6123898203880456,1.935792884779947,3444
106,1,0,1,0,0,0,1,-0.9472150623517279,0.7065625973446986,0.46283102669209636,1506
107,1,0,1,0,0,1,1,-0.16132337886337572,1.8450711620246882,0.6189075624176821,2574
108,1,0,1,0,0,1,1,0.4619228740185917,1.2907947956107002,0.08188949277993325,2481
109,1,0,1,0,1,1,2,0.6013411268252792,1.0451224597835476,-0.013422508062128293,3300
110,1,0,1,0,2,1,2,0.7214197495421435,0.7035713284895775,1.9530944786188593,3722
111,1,0,1,0,2,1,1,0.6052777287649322,1.467567280068195,1.75388933216439,3325
112,1,0,1,0,2,0,1,0.6284987747859077,0.49983428103519034,1.8751955150542863,3489
113,1,0,1,0,0,0,2,0.12896728940307028,-1.2528623137628139,0.748989916095433,3717
114,1,0,1,0,0,1,2,-0.07609165462477997,-0.9202993701344745,0.6795049321433427,3347
115,0,0,0,0,2,1,1,-0.17307799867383514,0.9402554766510992,-1.1136339249731466,2213
116,0,0,1,0,0,1,1,0.34584830280732426,0.7095610567499534,-0.03959778569764909,3554
117,0,0,1,0,0,1,1,0.6478138777608414,0.47286971803829797,2.1783077375509863,3848
118,1,0,1,0,2,1,1,-0.44014148914058293,0.7604917233384834,1.9878648314545488,2378
119,1,0,2,0,2,0,2,-0.21162849150031376,-1.3457354592742439,1.5197466677163673,3819
120,1,0,2,0,0,1,2,-0.014185216645436982,-0.2971159618006954,0.5843740268889667,3714
121,2,0,2,0,2,1,2,0.22191279127419497,-0.6476552807602963,-0.3600533933227276,3102
122,2,0,2,0,0,0,2,0.26061657856872894,0.0024926905703751214,-1.5554584024223208,2932
123,2,0,2,0,1,1,2,0.29932649764198443,-0.3061041494663262,-0.14343520959076925,3698
124,1,0,2,0,2,1,2,0.2838437563684267,-1.0221607033115352,-0.9838441103216574,4109
125,1,0,1,0,0,1,2,0.318666127731807,0.011480878236005914,-0.9145959436765407,3632
126,1,0,1,0,1,1,2,0.2877803583080798,0.8353956840687845,0.046951974786380316,4169
127,1,0,2,0,0,0,1,0.10957247330474823,1.6682986775671935,-0.09154435850385316,3413
128,1,0,2,0,0,1,1,0.14838050083755916,2.0937419572570954,-0.715279353783495,2507
129,1,0,2,0,0,1,1,0.3652676460205355,1.6952632405640857,-0.4641276345228213,2971
130,1,0,2,0,1,1,2,0.4542520188371183,1.1260161487742248,-0.8278232963153597,3185
131,1,0,2,0,2,1,1,0.380774914408982,1.4855436553994565,1.2684695745872954,3445
132,1,0,2,0,2,1,1,0.3110504585588331,1.7162380753006024,0.21167930743142258,3319
133,1,0,2,0,2,0,1,0.2103911790551791,1.4256176105951621,-1.0877372559340657,3840
134,1,0,2,0,0,0,2,0.32260272967146014,0.6346570960196523,-0.8537060349246186,4008
135,1,0,2,0,0,1,2,0.585858385551721,-0.03346006009214805,-0.9144845002379648,3547
136,1,0,2,0,0,1,2,0.6013411268252792,0.8503735999947912,-0.533375801167938,3084
137,1,0,2,0,1,1,1,0.6981987035211682,1.2848050673503242,0.662328712172828,3438
138,1,0,2,0,2,1,1,0.7872137352313617,0.7874562863353757,0.2896897144345715,3833
139,1,0,2,0,2,1,2,0.8530015891418579,0.466879989777922,-0.446658875526045,4238
140,1,0,2,0,2,0,2,1.0930361990011435,0.33205717479346014,0.1859080122607393,3919
141,1,0,2,0,0,0,2,0.9846263511926273,0.16128160914647505,0.7575710608657792,3808
142,1,0,2,0,0,1,2,0.8336067730435358,0.7065625973446986,0.610089600340362,2757
143,1,0,2,1,0,0,2,0.8530506433716354,1.3477223810097398,0.385057436995921,2433
144,1,0,2,0,1,1,2,1.1936218971601307,0.3859863007872449,-0.7671702048704111,2549
145,1,0,2,0,2,1,2,1.5265222957671527,0.038445441232898295,-1.0443300366087418,3309
146,0,0,0,0,2,0,1,1.499444360929912,0.32905871538820525,0.2896897144345715,3461
147,0,0,1,0,0,1,2,1.0271441048523697,-2.3464227495645162,1.476492683119085,4232
148,0,0,1,0,0,1,2,0.6788038874228457,-1.992884971199661,0.93089346871099,4414
149,1,0,1,0,2,1,2,0.725178529898853,-1.2588520420231903,-0.8797698691215634,3473
150,1,0,2,0,0,0,1,0.8607398938892755,0.15229342148084427,-0.6631516853896054,3221
151,1,0,2,0,1,1,2,0.8917299035512801,-0.22521046047564905,-0.897127184679764,3875
152,2,0,2,0,2,1,2,1.100774503748561,-0.2401883764016563,0.021055305747299132,4070
153,2,0,2,0,0,1,2,1.538148148224446,-0.06642154189954912,-0.6892712413058383,3725
154,2,0,2,0,2,1,1,1.7239410435071403,-0.4529136115216732,-0.5072562452517052,3352
155,1,0,2,0,2,0,2,1.3910651720150071,-0.18925770981312587,-0.6372132250610582,3771
156,1,0,1,0,0,1,2,1.2362132321645394,0.167271337406851,-0.4380638003258765,3237
157,1,0,1,0,2,1,2,1.0233607973807715,0.8383941434740394,-0.31663224356758174,2993
158,1,0,2,0,1,1,2,0.7678434462479283,-0.98321668379389,1.658465887883752,4157
159,1,0,2,0,2,1,2,0.7058634269239196,-0.8933348071375821,1.156037075494007,4164
160,1,0,2,0,2,1,2,0.6826117220093326,-1.1479953306303663,-0.25610452599103145,4411
161,1,0,2,0,2,0,1,0.7291641860682836,0.4099524043788824,0.28103891751511534,3222
162,1,0,2,0,0,0,2,0.7600499554920108,0.7515035356728526,-0.6027354112516308,3981
163,1,0,2,0,0,1,2,1.027217686197036,0.28112650820493024,-0.9317860940768774,3312
164,1,0,2,0,0,1,1,1.0388190115394405,0.25416194520803786,-1.174287016418095,3105
165,1,0,2,0,1,1,1,0.7291641860682836,0.8264074964031537,-0.42935728168713233,3311
166,2,0,2,0,2,1,1,0.9885384260173917,1.0001815214553937,-0.21273909795517398,4061
167,2,0,2,0,2,1,2,1.333040149966818,0.5477736787685992,-0.1955071562653712,3846
168,2,0,2,0,2,0,1,1.333064677081707,0.517810656366452,0.7314515049495464,4044
169,2,0,2,0,0,0,2,1.1046559196797143,-0.4169608608591501,0.49771282296636127,4022
170,2,0,2,0,0,1,2,1.0232872160361053,-1.064110372784567,0.3242232499632869,3420
171,2,0,2,0,0,1,2,0.9884341857791142,-0.8483938688094281,-1.2783013567699544,3385
172,2,0,2,0,1,1,1,0.9846018240777386,0.1942359004037434,-1.09644377457281,3854
173,2,0,2,0,2,1,2,1.3252466592108998,0.020469065901636708,-0.5852666522548541,3916
174,2,0,2,0,2,1,2,1.0930361990011435,-0.9592433896521197,1.052088208162311,4377
175,2,0,2,0,2,0,2,0.9846263511926273,-1.4176409605992901,-0.013715047088390182,4488
176,0,0,0,0,0,0,2,1.0775473259488633,-1.6902850499734683,-1.1658173150863245,4116
177,0,0,1,0,1,1,2,1.1704192464753216,-1.3427441904191217,-0.99232774208325,2915
178,0,0,1,0,1,1,1,1.1781882101163506,0.3680099254559833,0.5928994499400253,2367
179,1,0,1,1,2,0,1,1.1588240529116396,0.04743362889852909,-1.4601505807092057,2978
180,1,0,2,1,0,0,2,1.34842478278082,-0.29411750239544104,-0.8363626497962399,3634
181,1,0,2,0,2,1,2,1.2827840915596571,0.8054326616666373,-0.5072562452517052,3845
182,2,0,2,0,2,0,2,1.2903752336177423,0.14330523381521346,-0.37746643060021623,3838
183,2,0,2,0,0,1,1,1.18988764391831,0.9102996447990858,0.5409528771338212,3348
184,2,0,2,0,2,1,2,1.1511041435003881,-0.15929468741097916,-0.25610452599103145,3348
185,1,0,2,0,0,0,2,1.3097148637075644,-0.3810081101966269,-0.0393609683906752,3138
186,1,0,1,0,1,1,2,1.5536308894980035,0.03244852242238961,1.3378849063902756,3363
187,1,0,1,0,2,1,2,1.61170496577597,-0.5188221940362109,0.1944334353117979,3596
188,2,0,2,0,2,1,2,1.3059070291210775,0.0024926905703751214,-0.5594953570841712,3594
189,2,0,2,0,2,0,2,0.9729514445055562,-1.1150410393730976,0.7574038957079156,4196
190,2,0,2,0,0,0,2,0.9071390634801716,-0.2881277741350646,-0.0482485826171056,4220
191,2,0,2,0,0,1,2,0.9923217334889899,-0.33306871246321856,0.30710275171206014,3505
192,2,0,2,0,0,1,2,1.1859019877488794,-0.19524743807350234,0.8182241523107282,3296
193,2,0,2,0,1,1,2,1.3949465879461602,0.14330523381521346,0.41105161904375626,3617
194,2,0,2,0,2,1,2,1.6620100784129086,0.13731550555483754,-0.7758767235091556,3789
195,2,0,2,0,2,1,2,1.658153189596644,0.5447752193633443,-1.0096711272116285,3688
196,2,0,2,0,2,0,1,2.1457583653648005,0.4309272391153989,0.4976571012470733,3152
197,2,0,2,0,0,0,2,2.2348224513047716,-0.3660230037204874,-0.7410506489541784,2825
198,2,0,2,0,0,1,2,2.0103441640637105,-0.9442654737261125,-0.7672259265896991,2298
199,2,0,2,0,0,1,2,1.952349800909132,-0.5787482388405043,-0.2385661148451449,2556
200,2,0,2,0,1,1,2,1.499389174921412,0.9043027259885761,-1.3301922078568702,3272
201,2,0,2,0,2,1,2,1.3523552529417515,-0.6506537401655507,0.1944891570310859,3840
202,2,0,2,0,2,1,2,1.3136514656472176,-1.6423456522400601,-0.03947241182925119,3901
203,2,0,2,1,2,0,2,1.6155373274773457,-0.3450553595341037,-0.10890167406205382,3784
204,2,0,2,0,0,0,2,1.8980099778729855,-0.6386670930946655,-0.16937366991931616,3176
205,2,0,2,0,0,1,2,1.5458619258569748,-1.1899450001033982,-0.2473980073522873,2916
206,2,0,2,0,0,1,2,1.553581835268226,-1.0820867481158287,-0.2992749280093811,2778
207,0,0,0,0,0,1,2,1.3910651720150071,-0.5787482388405043,-0.41205568784821966,3537
208,0,0,1,0,2,1,2,1.414237163806205,-1.0071827873855281,0.2723881205956588,4044
209,0,0,1,0,2,1,1,1.2478574799579998,0.18824617214336745,-0.706461391706175,3107
210,1,0,1,0,0,0,1,1.1549671640953751,0.9073011853938309,0.15119338114433797,3777
211,1,0,2,0,0,1,2,1.1045578112201593,-0.003504228240133562,-0.022296191858736426,3843
212,1,0,2,0,2,1,1,1.2246609610519124,0.8893248100625692,0.5844297486082547,2773
213,2,0,2,0,0,0,2,1.4646465166814209,0.8743468941365625,0.21160965528231268,2487
214,2,0,2,0,1,1,2,1.391009986006507,-0.28213804587468816,0.08188949277993325,3480
215,2,0,2,0,2,0,2,1.518783991019734,-0.43792850504553377,-0.49001037313208057,3695
216,1,0,2,0,0,1,2,1.2787984353902266,-1.4895464619243366,0.1944891570310859,3896
217,1,0,1,0,2,1,2,1.0736168557879326,-1.492544921329591,-0.299511745316355,3980
218,1,0,1,0,2,0,2,1.0890750699466014,-1.5554622349890064,-0.845236333592848,3854
219,2,0,2,0,0,1,1,1.0388925928841077,0.7065625973446986,0.35045424931809566,2646
220,2,0,2,0,0,1,1,0.907243303718449,1.338734193344109,0.5061825242981319,2482
221,2,0,2,0,1,1,2,0.8568339508432335,0.5807279700258675,0.3156281747631184,3563
222,2,0,2,0,2,1,2,1.0387638255309406,-0.3810081101966269,0.696973691140119,4004
223,2,0,2,0,2,1,2,1.1665133034292796,-0.4019757543830106,-0.5938477970252007,4026
224,2,0,2,0,2,0,2,1.1394537639282063,0.167271337406851,0.6534968196656855,3166
225,2,0,2,0,0,0,1,0.9614053051716515,0.6586303901614236,-0.6545705406192588,3356
226,2,0,2,0,0,1,2,1.0581341145143748,0.3080910712018226,-1.1399206460472433,3277
227,2,0,2,0,0,1,2,1.220804072235648,0.9971830620501388,0.8700592816783559,2624
228,2,0,2,0,1,1,2,0.99226654748049,-1.1599819777012514,1.2600555949748127,3925
229,2,0,2,0,2,1,2,0.7949029857490019,-1.2648417702835668,-0.5507191862963168,4614
230,2,0,2,0,2,1,2,0.945898036783205,-0.18925770981312587,0.9307123731233041,4181
231,2,0,2,0,2,0,1,1.0388680657692189,1.0091697091210245,0.3418034523986395,3107
232,2,0,2,0,0,0,2,1.1239710226546475,0.9342657483907233,-1.4255571443322557,3893
233,2,0,2,0,0,1,1,0.9757230084879911,1.5724270726505096,2.637315400185586,889
234,2,0,2,0,0,1,2,1.051775459979452,-0.5001411447919639,1.6488399608767565,2919
235,2,0,2,0,1,1,2,0.8064981793126844,-0.551783675843612,-0.36875991196147173,3905
236,2,0,2,0,2,1,2,0.7252275841286305,-0.5967246141717659,-0.8537756870737285,4429
237,2,0,2,0,2,1,2,0.8258929954110065,-0.2401883764016563,-1.4343221707762523,4370
238,0,0,0,0,0,1,2,0.8491937545553709,0.05642181656415988,-0.6199116312221455,4332
239,0,0,1,0,2,1,1,0.787183076337751,0.688586222013437,-0.6459197436998027,3852
240,0,0,1,0,2,1,2,0.961356250941874,0.6136894518332696,-0.013533951500704286,2549
241,1,0,1,1,0,0,2,1.1588976342563058,0.7964444740010065,0.2809831957958273,2419
242,1,0,2,0,1,1,1,0.914957081350978,1.1439925241054865,0.3677558431570083,2115
243,1,0,2,0,2,0,0,0.2377266485987521,1.8381682338974836,2.1960829660038463,2506
244,2,0,2,0,0,1,0,0.4157260531255284,2.0547907471893176,-1.243649412587752,1878
245,2,0,2,0,2,1,0,0.48398501386107134,2.2164486952682876,0.08987162906793418,1689
246,2,0,2,0,0,0,1,0.628603015024185,1.9169766633497345,-0.862537927431761,3127
247,1,0,2,0,0,1,2,0.8065227064275732,0.8803366223969386,-0.45536539416478916,3595
248,1,0,1,0,2,1,2,0.8142916700686019,0.5927146170967531,-0.9924391855218258,3413
249,1,0,1,0,0,0,2,0.7707621729196963,0.43757130743783296,-1.3565945514984898,4023
250,2,0,2,0,2,1,2,0.7794938258201108,0.5837264294311223,-0.6198001877835695,4062
251,2,0,2,0,2,1,2,0.9226463318686181,0.47286971803829797,-0.2646299490420901,4138
252,2,0,2,0,2,0,1,0.47362230782055165,0.5597603258394848,1.1819894662523762,3231
253,2,0,2,0,0,0,1,-0.09170316325150384,-0.29411750239544104,-0.3080510987972355,4018
254,2,0,2,0,0,1,1,0.012763950838636703,0.6256689083540214,0.047063418224956306,3077
255,2,0,2,0,0,1,2,0.08649858997310533,0.45789180211229125,-0.10884595234276583,2921
256,2,0,2,0,1,1,1,0.32648414560261335,0.42193905144976807,-0.48135957621262404,3848
257,2,0,2,0,2,1,1,0.3420711271144484,1.7971317642912794,-0.715223632064207,3203
258,2,0,2,0,2,1,1,0.45438078619028444,1.9319545792757413,-1.2522389156159917,3813
259,2,0,2,0,2,0,1,0.48154456592963535,1.946932495201748,-0.8103545373185831,4240
260,1,0,2,0,0,0,1,0.28018921624999465,2.4532694638823274,-1.5035090435301521,2137
261,1,0,2,0,0,1,1,0.5394837430757141,1.6623089493068175,-1.5032777983951071,3647
262,1,0,2,0,0,1,1,0.5899176230658183,1.5364743219879864,-1.8933869481731223,3466
263,1,0,2,0,1,1,1,0.690509453003528,1.560440425579624,-1.053092276966774,3946
264,1,0,2,0,2,1,1,0.601494421293334,1.8270947866934266,-0.9490180357666803,3643
265,1,0,2,0,2,1,1,0.6053758372244872,1.5634388849848788,-0.5247250042484819,3427
266,1,0,2,0,2,0,2,0.6014147081699454,0.48785482451443846,-0.1868563593459147,4186
267,1,0,2,0,0,0,2,0.41940512035884925,0.11634067081832108,0.2810946392344029,4372
268,0,0,0,0,1,1,1,-0.3897811904951454,0.8803366223969386,1.4766180569874834,1949
269,0,0,1,0,2,0,1,-0.8039583160649428,1.152980711771117,0.4975456578084977,2302
270,0,0,1,0,2,0,1,-0.5174264281552062,0.9312672889854684,-1.4341480404034774,3240
271,1,0,1,0,0,1,2,-0.021905126056688297,0.5657500540998608,0.2724438423149468,3970
272,1,0,2,0,2,1,2,0.3109278229843889,0.11933913022357594,-0.12602217231328058,4267
273,1,0,2,0,0,0,2,0.02449404353420736,-0.07540972956517991,-0.715223632064207,4126
274,2,0,2,0,0,1,2,0.17152796551386829,0.37999657252686897,-2.283264852816092,4036
275,2,0,2,0,2,1,2,0.22572062586068192,0.5028327404404452,-1.9626908365375266,3174
276,2,0,2,0,0,1,2,0.29158206111584434,0.6915846814186919,-1.7113050860558439,3114
277,1,0,2,0,1,1,2,0.40773021367177803,0.7365256197468458,-2.005875168985699,3603
278,1,0,1,0,2,0,1,0.42717408399987805,1.2758168796846934,-0.6025543156639448,3896
279,1,0,1,0,0,1,0,0.2531603356425323,1.9768955176038954,0.8616453020658732,2199
280,1,0,2,0,2,0,1,0.462174276946202,1.9079884756841037,-0.6200370050905434,2623
281,1,0,2,0,0,0,1,0.32648414560261335,0.6106909924280147,0.5235955615756206,3115
282,1,0,2,0,0,1,2,0.13670559415048839,-1.064110372784567,1.0000162614877093,3318
283,1,0,2,0,0,1,2,0.16386324211111686,-1.0401370786427968,1.3292480399006417,3293
284,1,0,2,0,1,1,2,0.2102869388169017,-0.3720199225309961,-0.15208600651022539,3857
285,1,0,2,0,2,1,1,0.2838437563684267,0.5058311998457,-1.0616316304476545,4111
286,1,0,2,0,2,1,0,0.22943648376633585,1.8975621779919714,0.7946260041922749,2170
287,1,0,2,0,0,0,2,-0.32396880946976053,-0.41096394204864134,0.48895058260832913,3628
288,1,0,2,0,0,1,2,-0.3123429570124672,-0.015483684760886464,-1.3043038970756824,2809
289,1,0,2,0,0,1,2,-0.3317132459959006,0.7904547457406306,-1.2089389606002972,2762
290,1,0,2,0,1,1,2,-0.1187320438589666,1.0121609779761456,-0.9403672388472241,3488
291,1,0,2,0,2,1,2,-0.08005278367932182,-0.06042462308904043,-0.2735732849878081,3992
292,1,0,2,0,2,1,1,-0.021978707401354974,0.6406540148301619,-0.5245439086607959,3490
293,1,0,2,0,2,0,1,-0.11886081121213274,1.3057799020868406,0.1597327346252185,2419
294,1,0,2,0,0,0,1,-0.9664811110968838,-0.3270789842028421,0.6015502468594814,3291
295,1,0,2,0,0,1,0,-1.5238536651662444,1.8061199519569102,2.299558198721595,570
296,1,0,2,0,0,1,2,-0.9510474240531036,-0.05443489482866398,-0.13484013439060072,2446
297,1,0,2,0,1,1,2,-0.7380662219161697,0.517810656366452,-1.1136896466924346,3307
298,0,0,0,0,2,1,2,-0.4865099998378683,0.3769981131216141,-0.7066285568640389,3658
299,0,0,1,0,0,0,2,-0.5291565208507769,0.6286673677592763,-1.451618192443236,3816
300,0,0,1,0,0,0,2,-0.43234799838466537,0.5088224687008212,-0.6892712413058383,3656
301,1,0,1,0,1,1,1,-0.44785526677311227,-0.06342308249429478,1.1908074283296959,3576
302,1,0,2,0,2,1,2,-0.935564682779546,-0.8064441993363962,0.038524064744075784,2770
303,1,0,2,0,0,1,2,-0.6994666748599135,0.7425153480072217,-1.3128362853416518,2697
304,2,0,2,0,1,1,2,-0.46331348093178126,0.9162893730594617,-1.798022011697737,3662
305,2,0,2,0,2,0,2,-0.3935644979667432,0.6496422024957927,-1.6334688094254697,3829
306,2,0,2,0,0,1,2,-0.41298384117995446,0.9132909136542068,-1.7287766311385846,3804
307,1,0,2,1,2,0,1,-0.6297912732395418,1.3087711709419618,0.038593716893185685,2743
308,1,0,1,0,0,0,2,-1.0400317968696864,-1.3307575433482366,1.788367145973817,2928
309,1,0,1,0,0,1,2,-0.7265446096971538,-0.5637631323643648,0.3589239506498663,2792
310,1,0,1,0,0,1,2,-0.28132842023557386,-1.243874126097183,1.3293037616199295,2713
311,1,0,1,0,1,1,2,0.2954389499321088,-0.31809079653721134,1.6758232034419527,3891
312,1,0,1,0,2,1,1,0.190996362956857,0.41295086378413726,0.1857826383923414,3746
313,1,0,1,0,2,1,0,-0.1498753479890261,2.1476710832508803,-0.6891040761479742,1672
314,1,0,1,0,2,0,1,-0.9394460987106992,-0.39898448552788846,1.6586330530416165,2914
315,1,0,1,0,0,0,2,-1.2491009241818563,-1.5914149856515296,-0.24745372907157528,3147
316,1,0,1,0,0,1,2,-0.9317077939632811,-0.9292875578001053,0.5321349150565011,2720
317,1,0,1,0,0,1,1,-0.11878722986746607,0.38298784138199005,-0.004827432861959774,2733
318,1,0,1,0,1,1,0,-0.19234404741899105,2.003860080600788,-0.6720392996160355,2545
319,1,0,1,0,2,1,0,-0.3356191890419425,2.381363962557281,-0.9403672388472241,1538
320,1,0,1,1,2,0,1,-0.28140813335896253,0.9102996447990858,2.082995736708924,2454
321,1,0,1,1,2,0,2,-0.6374559966422931,-0.5907276953612572,-0.26457422732280206,935
322,1,0,1,0,0,0,2,-0.5871754111202439,0.08937610782142871,-1.2175298566715191,1697
323,1,0,1,0,0,1,2,-0.560097476283004,0.36202019719560735,-1.6420597054966914,1819
324,1,0,1,0,0,1,2,-0.1265010074999954,0.4818579057039288,0.3156281747631184,2261
325,1,0,1,0,1,1,2,0.08395390180339192,0.8033474021282112,-0.6153703111001766,3614
326,1,0,1,0,2,1,1,-0.15363412834573514,1.434605798260793,1.0001416353561068,2818
327,1,0,1,0,2,1,2,-1.0130274433771127,-0.12933885555896465,1.1821566314102399,3425
328,0,0,0,0,2,1,2,-1.0477762333958265,-0.767500179818751,0.4717047104887045,3545
329,0,0,1,0,0,1,2,-0.8890919318439832,-0.03945697890265674,-1.1916443319762957,3672
330,0,0,1,0,0,1,2,-1.0168107508487108,-0.13233012441408679,-1.2608883194924658,2908
331,1,0,1,0,2,1,2,-0.7807617971588562,1.039125540973038,-1.425615652137508,2851
332,1,0,2,0,2,0,1,-0.5059048159361904,1.4076412352639005,-1.72860250076581,3578
333,1,0,2,0,0,1,0,-0.12282194026667459,2.2884836264957182,0.6447903010269413,2468
334,2,0,2,0,2,1,0,-0.46714584263315695,2.4382915479563207,1.1127412996072594,655
335,2,0,2,0,0,0,2,-1.3458787877543568,-0.36902146312574174,0.748920263946323,3172
336,2,0,2,0,1,1,2,-0.9742684700740792,0.46388153037266716,-1.4429116738044918,3359
337,1,0,2,0,2,1,2,-1.287786316140223,-0.8903363477323277,0.6536779152533714,2688
338,1,0,1,0,0,1,2,-1.3690814384391656,-1.016170975051159,-1.6682363761751942,2366
339,1,0,1,0,1,1,2,-1.264583665455414,0.2841177770600513,-1.7113050860558439,3167
340,1,0,1,0,2,1,2,-1.0748541682330666,-0.2971159618006954,-0.6372689467803462,3368
341,1,0,1,0,2,1,1,-0.8466048370778518,0.2331871104715214,-1.7460155380432985,3562
342,1,0,1,0,2,0,1,-0.3936196839752431,0.020469065901636708,1.1387494120849162,3528
343,1,0,1,0,0,0,1,-0.7149984703632487,-0.9412670143208581,1.0347308926041106,3399
344,1,0,1,0,0,1,1,-1.3922779573452526,-0.5068427375154579,0.7922299702628929,2464
345,1,0,1,0,0,1,2,-1.4155296622598392,-0.32408052479758775,-0.23009641351337465,2211
346,1,0,1,0,1,1,2,-1.1987467573151405,0.044435169493274744,-0.18667526375822882,3143
347,1,0,1,0,2,1,1,-0.4903975475477435,-0.25816475173291786,-1.7374831497773289,3534
348,0,0,1,0,2,1,1,-0.2968602157389095,1.6323459269046703,0.48900630432761716,2553
349,0,0,1,0,2,0,1,-0.3084860681962028,0.9073011853938309,-1.9366297884265464,2841
350,0,0,1,0,0,0,2,-0.6065395683249553,0.3949744884528757,1.2251737987005478,2046
351,0,0,1,1,0,0,2,-1.08648002069036,-0.6386670930946655,0.05582565858298844,856
352,0,0,1,1,0,0,2,-1.20470684623312,0.3594100274975074,-0.43470656673877667,451
353,0,0,1,0,1,1,2,-0.986574949969537,-0.8942408164542776,0.7406595190618825,887
354,0,0,1,0,2,1,1,-0.9123926909883476,0.9432539360563541,0.029998641693017535,1059
355,0,0,1,0,2,1,2,-1.2046271331097314,-0.9161288510576218,1.499812222641098,2047
356,0,0,1,0,2,0,2,-1.30323839852017,-0.41096394204864134,-0.9317303723575898,2169
357,0,0,1,0,0,0,2,-0.9664811110968838,0.038445441232898295,-0.7238187072643756,2508
358,0,0,1,1,0,0,2,-0.3820674128626161,-0.11136248022770308,0.47164898876941647,1820
359,0,1,0,1,0,0,2,-0.6181408936673597,0.43991542678102963,0.08177804934135763,1608
360,0,1,1,0,2,1,2,-1.3742934503530366,-1.7977550122538826,1.9971842890054603,1707
361,0,1,1,0,2,1,2,-2.147075390933323,-1.3667102940107598,2.4987633451760645,2147
362,1,1,1,0,0,1,1,-2.1896176717079543,-1.5584606943942607,-0.02224047013944843,2273
363,1,1,2,0,1,1,2,-1.2142049714738095,-0.7704914486738731,-0.7844160769900358,3132
364,1,1,2,0,2,0,2,-0.8349237986120587,-0.6416655524999199,-0.2561602477103194,3791
365,2,1,2,0,0,1,2,-0.5251953917962351,-0.7165623226800883,-0.1607368034296819,3451
366,2,1,2,0,2,1,2,-0.8349789846205586,-1.1959347283637747,0.07307153070261312,2826
367,2,1,2,0,0,0,1,-1.403879282687657,0.5058311998457,-1.2174713488662667,2270
368,1,1,2,0,0,1,2,-0.966395266194773,0.10930831278873109,0.017489115712869593,3425
369,1,1,1,0,2,1,1,-1.1871699590876248,1.554450697319248,-0.7672259265896991,2085
370,1,1,1,0,0,0,1,-0.5794064474792151,1.2338744007617943,-0.07424276466494051,3828
371,0,1,0,0,0,0,2,-1.3923331433537525,-0.8903363477323277,2.672016100872165,3040
372,0,1,0,0,0,1,2,-1.7987167781676323,-1.2498638543575595,0.01234878710855499,2160
373,0,1,0,0,0,1,2,-1.930317013103513,-1.5254992125868596,0.9049410779526208,2027
374,0,1,0,1,1,0,2,-1.7522624225682366,-0.7824780957447582,0.6277255244950023,2081
375,0,1,0,0,2,1,1,-0.6876936597132873,0.6095189327564163,2.2683401054905135,2808
376,0,1,0,0,2,0,2,-1.7560947842696124,-0.9622418490573741,0.4717047104887045,3162
377,0,1,0,0,0,0,1,-1.5665001861791532,-1.3037929803513442,0.22920378814748724,3048
378,0,1,0,0,0,1,1,-1.849070945034348,1.4376042576660477,0.5063078981665298,1234
379,0,1,0,0,0,1,1,-1.9264846514021372,1.1859350030283855,0.1858522905414513,1781
380,0,1,0,0,1,1,1,-1.4309878764185082,2.0128482682664184,-1.0529808335281983,2287
381,0,1,0,0,2,1,2,-0.7807127429290782,1.470558548923316,-0.8710633504828192,3900
382,0,1,0,0,2,1,2,-1.1135886144212113,0.08937610782142871,-0.3514025964032711,3803
383,0,1,0,0,2,0,1,-0.7381459350395583,0.994184602644884,-1.5727558171322866,3831
384,0,1,0,0,0,0,1,-0.37432910811519843,0.7904547457406306,2.1783077375509863,3187
385,0,1,0,0,0,1,2,-0.9200819415059878,-0.632677364834289,0.34174773067935155,3248
386,0,1,0,0,0,1,2,-1.2491009241818563,-2.3014818112363624,0.7488088205077471,2685
387,0,1,0,0,1,1,2,-1.3110073621611988,-1.6573307587161994,0.4108844538858923,3498
388,0,1,0,0,2,1,2,-0.583214282065702,-1.5434755879181212,1.0520324864430228,4185
389,0,1,0,0,1,1,2,-0.06065796758099975,-0.8873378883270734,0.038593716893185685,4275
390,0,1,1,0,2,0,1,-0.4749638605039633,0.2991028835361918,0.012404508827842985,3571
391,0,1,1,0,2,0,2,-1.0245245284812399,-0.7525150733426115,-0.10866485675507993,3841
392,1,1,1,0,0,1,1,-1.2490763970669674,1.0660901039699302,-0.897127184679764,2448
393,1,1,2,0,2,1,1,-1.2993815097039054,0.40696113552376134,-0.14349093131005725,2629
394,1,1,2,0,0,0,2,-1.1037471095720783,-0.06576720183749143,-0.45269075163896677,3578
395,2,1,2,0,0,1,2,-0.7071559253775537,-0.9712300367230049,-0.5421380415259706,4176
396,2,1,2,0,2,1,1,-1.2877311301317234,0.6586303901614236,-0.7323998520347218,2693
397,2,1,2,0,0,1,2,-1.314913305207241,-0.4978545498498272,0.10782795310848052,3667
398,1,1,2,0,1,1,1,-1.1213330509473514,-0.6566434684259271,-0.966319629605593,3604
399,1,1,1,0,2,0,0,-1.6283759652648848,0.7185492444155842,1.441791982432506,1977
400,0,1,1,0,1,1,2,-1.5238536651662444,-1.5824267979858988,-0.264866766349064,3328
401,0,1,1,0,2,1,1,-0.8736827719150921,-0.8813481600666969,-0.628506706422314,3787
402,0,1,1,0,2,1,2,-0.7652545287704093,-0.7195607820853427,-0.06542480258762037,4028
403,0,1,1,0,2,0,1,-0.8968854225999011,0.8743468941365625,-1.3216013117856487,2931
404,0,1,1,0,0,0,2,-0.7652545287704093,0.023460334756758818,0.2723323988763708,3805
405,0,1,1,0,0,1,2,-0.7419782967409341,-0.6955946784937046,0.06453217722173259,2883
406,0,1,1,0,0,1,1,-1.2916125460628765,-0.8304174934781665,0.9307680948425925,2071
407,0,1,1,1,1,0,2,-1.2449926324379814,-0.887992228389131,0.5960337966499731,2627
408,0,1,1,0,2,1,2,-1.1117981350343284,-0.26585144982456504,0.27053537342933415,3614
409,0,1,1,0,2,1,2,-0.5136185935687193,-0.45590488037679533,0.67109095253086,4379
410,0,1,1,0,2,0,2,-0.19612122311186686,-0.551783675843612,0.06430929034458097,4546
411,0,1,1,0,0,0,1,-0.40138251583754997,0.7634901827437381,0.7142195632597437,3241
412,0,1,1,0,0,1,2,-1.2761604636829298,-1.5914149856515296,0.2637373236762027,2874
413,0,1,1,0,1,1,2,-0.7264710283524871,-1.0101812467907825,1.138624038216518,4069
414,0,1,1,0,2,1,2,-0.753628676313116,-1.6932835093787226,0.09919108661884628,4134
415,0,1,0,0,2,1,2,-0.0064959661277968215,-0.1143537490828252,0.5668356157430802,4665
416,0,1,1,0,0,0,1,-0.7148942301249713,0.18524771273811258,-0.5766158553353979,2948
417,0,1,1,0,0,0,1,-0.38592430167888053,-0.07241127015992557,-0.3512911529646951,3110
418,1,1,1,0,1,1,2,-1.0633080288991619,-1.639354383384938,2.0655269777121483,2713
419,1,1,2,0,2,1,2,-1.4425585428673018,-0.8993245353979585,0.5928994499400253,3130
420,1,1,2,0,0,1,2,-1.35750464021165,-1.255853582617936,0.20308423223125407,3735
421,2,1,2,0,1,1,2,-0.5600177631596154,-0.8483938688094281,2.221659235157022,4484
422,1,1,2,0,2,1,2,-1.2181599687496292,-2.0198495341965534,0.5496036740532774,3150
423,1,1,1,0,0,0,2,-0.7159488960651901,-1.1099573204294166,0.5055417245263202,3253
424,1,1,1,0,0,1,2,-0.10324930258540845,-1.0221607033115352,0.298340511354028,4460
425,0,1,1,0,1,1,2,0.40775474078666724,-0.09937583315681794,0.7056244880595754,5085
426,0,1,1,0,2,1,2,0.44263229815854704,-0.8933348071375821,-0.99232774208325,5315
427,0,1,1,0,2,1,2,0.34579924857754674,-0.3720199225309961,-0.5072562452517052,5187
428,0,1,1,0,2,0,1,-0.24650604887219354,1.51549948725147,-1.0183776458503728,3830
429,0,1,1,0,0,0,1,0.17546456745352182,0.8953145383229453,-1.0530365552474863,4681
430,0,1,1,0,0,1,1,-0.07622042197794611,1.2848050673503242,-0.8276561311574957,3685
431,0,1,1,0,0,1,2,0.345774721462658,0.7005728690843226,-0.3340452808450704,5171
432,0,1,1,0,1,1,2,0.3807994415238707,1.2698271514243176,-0.9058337033185085,5042
433,1,1,1,0,2,1,1,0.22581873432023736,1.3656987563410012,-1.347605245134359,5108
434,1,1,1,0,2,1,2,0.33808547094501784,1.4376042576660477,-0.9575016675282727,5537
435,1,1,1,0,2,0,1,0.5741589517497615,0.4519020738519153,-0.9750818699636253,5893
436,1,1,1,0,0,0,1,0.06317330371385213,1.8270947866934266,0.09035919411170387,2339
437,1,1,1,0,0,1,1,-0.23878613946094224,1.7941333048860246,0.480299785688873,3464
438,1,1,1,0,1,1,2,-0.985845268301595,-2.454281001552086,0.012474160976952888,4571
439,1,1,1,0,2,1,2,-0.033604559858648235,-1.0790882887105744,1.4679115383487389,5024
440,1,1,1,0,2,1,2,0.036015655753223665,-1.381688209936767,1.8576710343382221,5299
441,1,1,1,0,2,0,1,-0.6181408936673597,-0.3630317348653653,-0.6718582040283496,4663
442,1,1,1,1,0,0,1,-0.33554560769727626,0.7694799110041142,0.8960116724367251,3934
443,0,1,0,0,2,1,1,-0.36265420142812727,0.32306898712782933,-0.19543750411626132,3694
444,0,1,1,0,0,1,2,-0.29995063221489865,-0.9130009617499821,1.7530395759452482,4728
445,0,1,1,0,0,1,2,-0.09165410902172634,-1.687286590568214,-1.200295128895752,5424
446,1,1,1,0,2,1,2,0.3496316102789225,-1.1629804371065058,-0.07413132122636451,5378
447,1,1,2,0,2,0,2,-0.2775696398788644,-1.8490739685495683,0.46294247013067236,5265
448,1,1,2,0,0,1,2,-0.5252689731409013,-1.8281063243631845,1.5893430951070335,4653
449,2,1,2,0,2,1,2,-0.30843701396642487,-2.7119399844501246,1.2338803173392923,3605
450,2,1,2,0,0,0,2,0.0980753882006211,-2.5561495252792787,0.6449713966146273,2939
451,2,1,2,0,1,1,2,0.0012729975132319865,-2.256540872908208,2.3946333822566825,4680
452,1,1,2,0,2,1,2,-0.2464815217573048,-1.4116512323389137,0.878710078597812,5099
453,1,1,1,0,0,1,2,-0.8532762123276064,-1.163109867008891,1.518102876997372,4380
454,1,1,1,0,1,1,2,-0.5446637892392238,-1.1869465406981439,1.4506099445098257,4746
455,1,1,1,0,2,0,2,-0.27361464260304497,-1.6034016327224148,-0.4294130034064203,5146
456,1,1,1,0,0,0,2,0.0709177402399922,-0.9232906389895966,0.06436501206386896,4665
457,1,1,1,0,0,1,2,0.5975087651239034,-0.8873378883270734,0.5409528771338212,4286
458,1,1,1,0,0,1,2,0.8492182816702597,-0.5008458187049493,1.3725995375066768,5172
459,1,1,1,0,1,1,2,0.7484241030347175,-1.732227528896368,1.216578723500379,5702
460,1,1,1,0,2,1,1,-0.11890986544191023,-0.4469166927111645,-0.25610452599103145,4020
461,1,1,1,0,2,1,2,0.10188322278710807,-0.13532858381934113,-1.676768764441164,5719
462,1,1,1,0,2,0,2,0.24125242136401756,0.45489334270703635,-0.5074234104095692,5950
463,1,1,1,0,0,0,2,0.4077056865568893,0.37100838486123816,1.3552979436677646,4083
464,1,1,1,0,0,1,0,-0.5330134096670414,1.467567280068195,2.2044830151865074,907
465,1,1,1,0,0,1,1,-1.0749338813564553,0.9732169584585013,1.6326388709937811,3019
466,1,1,1,0,1,1,2,-0.4362600732094297,-1.2738299579491974,0.878821522036388,5115
467,1,1,1,0,2,1,2,-0.03748597578980144,-1.4625818989274442,-0.9403672388472241,5541
468,1,1,1,0,2,1,1,0.04385820073891871,0.901311457133455,-0.13472869095202472,4551
469,1,1,1,0,2,0,2,-0.1458958235983175,-1.6573307587161994,2.247486252046993,5219
470,1,1,1,0,0,0,1,-0.6065947543334551,-1.0191694344564133,-0.7845832421478998,3100
471,1,1,1,0,0,1,2,-0.16132337886337572,-0.31809079653721134,-0.9666121686318547,4075
472,1,1,1,0,0,1,1,-0.11487515504270214,-0.4409269644507881,-0.20419974447429345,4907
473,0,1,0,0,2,0,1,0.6167993409839481,0.20322408806937417,-0.4207064847676758,5087
474,0,1,1,0,0,1,2,0.37689349847782877,1.1919247312887613,-0.6719835778967475,5502
475,0,1,1,0,0,1,1,0.3728833151935094,0.9851964149792531,-0.7327481127802717,5657
476,1,1,1,0,2,1,2,0.7020065381076551,0.7485122668177314,-0.32539448392561426,5227
477,1,1,2,0,0,0,1,0.6633211461492879,0.901311457133455,-0.46394653893513577,4387
478,1,1,2,0,1,1,1,0.43110455416080873,0.7814665580749998,-0.5073119669709932,4224
479,2,1,2,0,2,1,1,0.3109523500992777,0.23618556987677625,0.6188518406983942,5265
480,2,1,2,0,0,1,1,0.4969230669649161,0.3919760290476208,1.5286203515129755,4990
481,2,1,2,0,2,1,1,0.46966117876600977,0.811429580477147,0.41952132037552653,4097
482,1,1,2,0,2,0,2,0.094138786260968,-0.5697600511748735,1.7798417229227592,5546
483,1,1,1,0,0,1,2,0.27226695814091095,-1.947944032871507,0.7054433924718896,5711
484,1,1,1,0,2,1,2,0.4193315390141826,-1.0850780169709509,-0.8798952429899614,4807
485,1,1,2,0,0,1,2,0.6671841667442748,-0.3959860261226341,0.5407857119759573,3946
486,1,1,2,0,0,1,1,0.4504993702591313,1.1379956052949767,0.36770012143772035,2501
487,1,1,2,0,1,1,1,0.6130160335123499,1.1739483559575,-0.5419569459382846,4490
488,1,1,2,0,2,1,2,0.733021074884548,0.47886663684880765,-0.8885460399094178,6433
489,1,1,2,0,2,1,2,0.5897704603764853,-0.8004544710760199,0.6014945251401934,6142
490,1,1,2,0,2,0,2,0.4579862720789386,-0.7764883674843818,-0.6892712413058383,6118
491,1,1,2,0,0,0,2,0.5547886627663281,-1.2588520420231903,-1.4253830139594807,4884
492,1,1,2,0,0,1,2,0.6593906759883572,-0.7255505103457192,0.9482507842691906,4425
493,1,1,2,0,0,1,1,0.5471791253720762,1.293793255015955,0.6534410979463975,3729
494,1,1,2,0,1,1,1,0.6401246272432013,0.9672200396479916,-0.9490737574859683,5254
495,1,1,2,0,2,1,1,0.6633456732641767,1.0301373533074072,-1.174287016418095,4494
496,1,1,2,0,2,1,2,0.7987844016801555,0.6136894518332696,-0.18667526375822882,5711
497,1,1,2,0,2,0,2,0.9265032206848826,0.8323972246635297,-0.6372689467803462,5317
498,1,1,2,0,0,0,2,1.019503908564507,0.727537432081215,0.17685323287644528,3681
499,1,1,2,0,0,1,2,1.0117104178085896,0.47286971803829797,0.40223365696643576,3308
500,1,1,2,0,0,1,2,1.2439515369119578,0.32306898712782933,0.14243114078630584,3486
501,1,1,2,1,1,0,2,1.2052722767323127,0.38298784138199005,1.5198581111549425,4863
502,1,1,2,0,2,1,1,0.8259420496407844,0.27812804879967534,-0.7239301507029515,6110
503,1,1,2,0,2,1,2,0.949803979829247,-0.9951961403146429,0.12512954694739317,6238
504,0,1,0,0,0,0,1,0.8065227064275732,0.8923232694678241,0.714163841540456,3594
505,0,1,1,0,1,1,2,0.5509869599585632,-0.5907276953612572,0.003697990189098473,5325
506,0,1,1,0,1,1,2,0.6052225427564323,-0.9922048714595209,-0.030779823620328953,5147
507,1,1,1,0,2,0,2,0.6245376457313657,-1.0371458097876747,1.3726552592259653,5927
508,1,1,2,0,0,1,1,0.30328762669652626,-0.12933885555896465,0.32427897168257486,6033
509,1,1,2,0,2,1,2,0.4038487977406249,-0.1443167714849719,-1.5208064582401184,6028
510,2,1,2,0,2,0,2,0.5703265900483858,-0.461901799187304,-0.40323772577089917,6456
511,2,1,2,0,0,1,2,0.7445917413333418,-1.1749598936272587,-0.15203028479093778,6248
512,2,1,2,0,2,1,2,1.0542772256981094,-1.3966733164129066,-0.585210930535566,4790
513,1,1,2,0,0,0,2,1.1471736733394566,-0.6686301154968123,-0.7323998520347218,4374
514,1,1,1,0,1,1,1,1.1238974413099814,-0.31209387772670266,0.298340511354028,5647
515,1,1,1,0,2,1,1,0.7446714544567304,1.4525821735920543,0.3935271383276916,4495
516,1,1,2,0,2,1,2,0.8258684682961177,-0.3540435471997345,2.1868331606020446,6248
517,1,1,2,0,2,1,2,0.9072126448248379,-0.44392542385604244,0.9394188917620486,6183
518,1,1,2,0,2,0,2,0.7561930666757464,-0.3001144212059497,-0.13484013439060072,6102
519,1,1,2,0,0,0,2,0.7252521112435192,-0.9143024513239658,-0.2734479111194102,4739
520,1,1,2,0,0,1,2,0.585858385551721,-0.23419864814127983,-0.5766158553353979,4344
521,1,1,2,0,0,1,1,0.4194848334822379,1.0541106474491784,-0.1609039685875459,4446
522,1,1,2,0,1,1,2,1.093060726116032,0.42193905144976807,-0.5332504272995401,5857
523,1,1,2,0,2,1,2,1.4994934151596895,-0.28213804587468816,-1.0097407793607387,5339
524,2,1,2,0,2,1,2,1.6930552740834126,-0.45590488037679533,-0.9404368909963339,5127
525,2,1,2,0,2,0,2,1.518783991019734,-0.4139624014538957,-0.04812320874870771,4859
526,2,1,2,0,0,0,2,1.08141034654385,-0.6955946784937046,-0.09160008022314116,4801
527,2,1,2,0,0,1,2,1.2130105814797303,-1.0940662046365817,-0.5679650584159415,4340
528,2,1,2,0,0,1,2,1.0890750699466014,-0.9143024513239658,1.5892734429579236,5640
529,2,1,2,0,1,1,2,0.7252275841286305,-1.855070887360077,2.247611625915391,6365
530,2,1,2,0,2,1,2,1.0078290018774363,-1.9509424922767613,1.1907517066104083,6258
531,2,1,2,0,2,1,2,1.2207243591122592,-1.5015331089952217,-0.20403257931642946,5958
532,2,1,2,0,2,0,2,1.9019711069275274,-1.0251591627167895,-0.29086094839689886,4634
533,2,1,2,0,0,0,2,1.2942811766637843,-0.21622227281001827,-0.3514025964032711,4232
534,0,1,0,0,0,1,2,1.6813251813878418,-0.8094426587416506,-0.24750945079086328,4110
535,0,1,1,0,2,1,2,1.3833759214973669,-1.3247678150878601,0.12496238178952919,5323
536,0,1,1,0,2,1,2,1.387128570075354,-1.0011930591251517,-0.8366551888225018,5608
537,1,1,1,1,0,0,2,1.5691626850013387,-0.6656316560915579,-0.715279353783495,4841
538,1,1,2,1,0,0,2,1.747168221306838,-1.2468653949523052,0.10771650966990452,4836
539,1,1,2,0,2,1,2,1.6930000880749128,-1.2978032520909677,-0.5593699832157732,4841
540,2,1,2,0,0,0,2,2.0141826575438078,-1.0011930591251517,-0.31681333915526766,3392
541,2,1,2,0,1,1,2,1.925167625833614,-0.4139624014538957,-0.8451248901542724,3469
542,2,1,2,0,2,0,1,1.0891486512912678,0.37399965371635924,-0.07413132122636451,5571
543,1,1,2,0,0,1,1,1.1550162183251527,0.2601516734684138,-0.4814292283617343,5336
544,1,1,1,0,2,1,2,1.065952132385181,0.014472147091128025,-0.48148495008102193,6289
545,1,1,1,0,2,0,2,1.0930055401075323,-0.7315474291562278,-0.5505520211384528,6414
546,2,1,2,0,2,0,1,1.1742516081766974,-1.0461339974533055,-1.4689156071532024,5988
547,2,1,2,0,0,0,1,1.1626564146130152,0.48785482451443846,-0.5936806318673368,4614
548,2,1,2,0,0,1,2,1.4027400787020778,0.6226776394989003,-0.2734479111194102,4111
549,2,1,2,0,0,1,2,1.518808518134623,0.09836429548705951,-0.30799537707794755,5742
550,2,1,2,0,1,1,2,1.7123151910498462,-0.9023229948032129,-1.00114570416057,5865
551,2,1,2,0,2,1,2,1.6503842259556152,-0.38999629786225765,-0.6805647226670938,4914
552,2,1,2,0,2,1,2,1.4606608605119902,-0.2222120010703947,-0.2906937832390349,5703
553,2,1,2,0,2,0,1,0.8375679020980776,1.5304845937276104,0.31580927035080425,5123
554,2,1,2,0,0,0,0,0.4505729516037975,1.683283784043334,0.37616982276949096,3195
555,2,1,2,0,0,1,1,0.899498867192309,0.9432539360563541,-1.2868337450359237,4866
556,2,1,2,0,0,1,2,1.309665809477787,0.4519020738519153,-0.6632770592580033,5831
557,2,1,2,0,1,1,2,1.4104293292197179,0.17026979681210586,0.35045424931809566,6452
558,2,1,2,0,2,1,2,1.0891486512912678,-1.3037929803513442,-0.299456023597067,6790
559,2,1,2,0,2,1,2,1.6116313844313037,-0.24917656406728708,1.3723766506295256,5825
560,2,1,2,0,2,0,2,1.580690428999077,-0.26416167054342654,-0.46394653893513577,5645
561,2,1,2,1,0,0,2,1.3561876146431273,-0.12933885555896465,-0.40323772577089917,4451
562,2,1,2,0,0,1,2,1.1742516081766974,-0.05443489482866398,-0.22150133831320612,4444
563,2,1,2,0,0,1,2,1.2788229625051153,0.2691398611340446,-0.4552400202963912,6065
564,2,1,2,0,1,1,2,1.1433658387529697,0.5238075751769616,-0.29074950495832286,6248
565,0,1,0,0,0,1,2,1.1704192464753216,0.33205717479346014,-0.628506706422314,6506
566,0,1,1,0,2,1,2,1.4143414040444824,0.20322408806937417,-0.7932340390673563,6278
567,0,1,1,0,2,1,1,1.511094740502094,0.08038792015579792,0.4108844538858923,5847
568,1,1,1,0,0,1,2,1.6852372562126063,-0.12933885555896465,0.9913097428489647,4479
569,1,1,2,0,1,1,2,1.5614489073688098,0.15229342148084427,1.4504985010712506,3757
570,1,1,2,0,2,0,1,1.433705561249194,0.1642800685517299,-0.7932340390673563,5780
571,2,1,2,0,0,1,1,1.3562918548814047,0.5208091157717067,-0.9666121686318547,5995
572,2,1,2,0,2,1,1,1.4181982928607468,0.2991028835361918,-1.053092276966774,6271
573,2,1,2,0,0,0,2,1.367862521330198,-0.07840099842030201,-0.42065076304838783,6090
574,1,1,2,0,0,1,1,1.1743067941851972,0.6076925330227598,0.7315768788179446,4721
575,1,1,1,0,2,1,1,0.9923462606038786,0.7305358914864699,0.28115036095369095,4052
576,1,1,1,0,0,0,2,1.0310500478984117,-0.7255505103457192,-0.8885460399094178,4362
577,2,1,2,0,0,1,2,1.1394292368133165,-0.6176922583581496,-0.6976991513481428,5676
578,2,1,2,0,1,1,2,1.2284933227532882,0.39797294785813053,-0.2387472104328308,5656
579,2,1,2,0,2,1,2,1.0890444110529904,-0.0843979172308107,-0.23020785695195062,6149
580,2,1,2,0,2,1,2,1.0930361990011435,-0.8064441993363962,-0.6199116312221455,6267
581,2,1,2,0,2,0,2,-1.4350225868177167,-0.43493723619041164,0.6276698027757146,5665
582,2,1,2,0,0,0,2,0.8685088575303044,-0.20124435688401102,-0.11742709711311207,5038
583,2,1,2,0,0,1,1,0.7794938258201108,0.5777367011707464,-1.3909052001500533,3341
584,2,1,2,0,0,1,1,0.7329720206547705,0.7395240791521007,-0.7845275204286117,5504
585,2,1,2,0,1,1,2,0.7639865574316639,0.30509261179656777,-1.581462335771031,5925
586,2,1,2,0,2,1,2,0.8917053764363914,0.32905871538820525,-1.6161142799532333,6281
587,2,1,2,0,2,1,2,0.9846263511926273,0.03244852242238961,-1.4167350031259887,6402
588,2,1,2,0,2,0,1,1.0465082620570807,-0.11735220848807953,-1.5901688544097754,6257
589,2,1,2,0,0,0,1,0.8723412192316801,0.5867248888363772,0.8095176336719837,4224
590,2,1,2,0,0,1,1,0.7331498422377146,1.5424640502483624,0.5928994499400253,3772
591,2,1,2,0,0,1,2,1.0930361990011435,0.7125595161552083,-0.8018848359868125,5928
592,2,1,2,0,1,1,2,1.1627054688427927,-0.08139945782555635,0.06447645550244496,6105
593,2,1,2,0,2,1,2,0.976808333321821,-0.5697600511748735,-1.027153816638227,6520
594,2,1,2,0,2,1,2,1.0813306334204615,-0.29411750239544104,-1.520922080807641,6541
595,2,1,2,0,2,0,2,1.3058825020061888,-0.315092337131957,-0.24745372907157528,5917
596,0,1,0,0,1,1,1,1.3871530971902426,0.05042489775365119,-1.0184472979994827,3788
597,0,1,1,0,2,0,1,1.0581586416292637,1.3207578180128474,-1.7026570752223518,3197
598,0,1,1,0,2,0,2,1.135596875111941,1.1469837929606075,-0.49001037313208057,4069
599,1,1,1,1,0,0,2,1.2904794738560197,0.8893248100625692,0.6968622477015434,5997
600,1,1,2,0,2,1,2,1.4259611247230541,0.7904547457406306,0.021055305747299132,6280
601,1,1,2,0,0,0,1,1.096966669162074,1.287803526755579,-0.6112051125834014,5592
602,2,1,2,0,0,1,2,1.1084637542662013,0.7545019950781074,-0.20408830103571746,6459
603,2,1,2,0,2,1,1,0.8258929954110065,1.206909837764902,1.3207086864197608,4419
604,2,1,2,0,0,1,2,0.6284742476710189,-0.6027143424321424,0.5321349150565011,5657
605,1,1,2,0,1,1,2,0.5470994122486875,-0.9173009107292202,1.0087924322755628,6407
606,1,1,1,0,2,0,2,0.47743014240703857,-0.8004544710760199,-1.3128362853416518,6697
607,1,1,1,0,0,1,2,0.5742080059795389,-0.38999629786225765,-0.758519407950955,6820
608,2,1,2,0,2,1,2,0.6323556636021725,0.041436710088020405,-1.4428545590422217,6750
609,2,1,2,0,2,0,2,0.7214197495421435,0.29610442413093696,-1.1483346256597258,6630
610,2,1,2,0,0,0,2,0.6710410555605393,-0.9322788266552273,0.8528830617078411,5554
611,2,1,2,0,0,1,2,0.5315921438602411,-0.4409269644507881,-1.3388987264956147,5167
612,2,1,2,0,0,1,1,0.46981447323406467,0.7425153480072217,-0.48135957621262404,5847
613,2,1,2,0,1,1,1,0.5435000581387558,1.734214450631864,2.38614975049509,3702
614,2,1,2,0,2,1,2,0.3922719995131091,-0.6806095720175651,0.40228937868572373,6803
615,2,1,2,0,2,1,2,0.3419178326463935,-0.09338610489644149,-0.9490737574859683,6781
616,2,1,2,0,2,0,2,0.5858338584368322,0.2691398611340446,-0.44671459724533297,6917
617,2,1,2,0,0,0,2,0.8220115794798533,0.11035094255794516,1.3552422219484763,5883
618,1,1,2,0,0,1,2,0.26061657856872894,-1.1809568124377674,0.5148890429368761,5453
619,1,1,2,0,0,1,2,0.15993277195018615,-0.9951961403146429,-0.6114419298903753,6435
620,1,1,2,0,1,1,2,0.41541946418941866,-0.4409269644507881,0.6968622477015434,6693
621,1,1,2,0,2,1,2,0.7369331497093123,-0.003504228240133562,0.8094061902334077,6946
622,1,1,2,0,2,1,1,0.8066024195509618,0.427928779710144,-0.7237490551152657,6642
623,1,1,2,0,2,0,1,0.6710165284456505,0.42193905144976807,-0.3081068205165235,6370
624,1,1,2,0,0,0,2,0.3302919801891003,-0.6356686336894112,0.5754306909432486,5966
625,1,1,2,0,0,1,2,0.2528292195915333,-0.3450553595341037,-0.7151679103449194,4874
626,0,1,0,0,2,1,1,0.21810495668770843,0.12832731788920673,-1.3302493226191405,6015
627,0,1,1,0,0,0,0,0.40410020066823515,1.728224722371488,-1.1398092026086675,4324
628,0,1,1,0,0,0,1,0.7523852320892593,1.1679586276971239,-1.6681792614129245,6844
629,1,1,1,0,1,1,1,0.8066024195509618,0.6586303901614236,-0.9577245544054247,6437
630,1,1,2,0,2,1,2,0.636212552418437,-0.0274703318317716,-1.1136896466924346,6640
631,1,1,2,0,0,1,2,0.38072586017920446,0.23618556987677625,1.138512594777942,4934
632,2,1,2,0,1,1,1,-0.34716532837584757,0.5537634070289751,-0.6287435237292879,2729
633,2,1,2,0,2,0,1,-0.5446392621243347,0.5627515946946059,0.047119139944244305,4604
634,2,1,2,0,0,1,1,-0.23495990953828894,0.9372642077959781,0.05576993686370045,5791
635,1,1,2,0,2,1,2,0.16378966076645063,-0.003504228240133562,0.021236401334985028,6911
636,1,1,1,0,0,0,2,-0.27754511276397564,-1.2079213754346598,-0.06548052430690836,6736
637,1,1,1,0,0,1,2,-0.2658702060769049,-0.6626331966863036,0.6797417494503162,6222
638,1,1,2,0,0,0,2,-0.5214120843246368,-0.98321668379389,-0.5593699832157732,4857
639,1,1,2,0,0,1,2,0.19482872465823273,0.06541000422979118,1.2859940553033595,4559
640,1,1,2,0,0,1,1,0.3845827489954689,0.5477736787685992,1.5287317949515515,5115
641,1,1,2,0,1,1,2,-0.09556005206776828,-0.5248191128467196,-0.05677400566816385,6612
642,1,1,2,0,2,1,2,-0.16140309198676395,0.4429138861862845,-1.1830492567761273,6482
643,1,1,2,0,2,1,1,0.22193731838908415,0.6975744096790678,0.7054433924718896,6501
644,1,1,2,0,2,0,1,0.37689349847782877,1.3207578180128474,-0.715223632064207,4671
645,1,1,2,0,0,0,2,-0.02200323451624372,-0.41995212971427215,-0.9578499282738225,5284
646,1,1,2,0,0,1,2,-0.12264411868373096,-0.8723599724010661,-0.2819872646002907,4692
647,1,1,2,0,0,1,2,0.03992773057798758,-0.4529136115216732,-1.4600934659469353,6228
648,1,1,2,0,1,1,2,0.3303410344188778,0.07439819189542198,-1.2781272263971795,6625
649,1,1,2,0,2,1,2,0.5045877903676675,0.03544698182764395,-1.5813453201605263,6898
650,1,1,2,0,2,1,1,0.32656385872600197,1.2158980254305327,-0.8625936491510486,6484
651,1,1,2,0,2,0,1,0.28402157795137034,1.2638302326138078,-0.7498686110314985,6262
652,1,1,2,0,0,0,1,0.23731581942436447,0.637655555424907,0.6881000073435108,5209
653,1,1,2,0,0,1,0,-0.227062178544094,1.7881435766256486,2.394689103975971,20
654,1,1,2,0,1,1,1,-1.0210723370606405,1.3959350196481837,0.37211606769129174,1009
655,1,1,2,0,2,1,1,-0.7071804524924424,0.25416194520803786,-0.2734479111194102,5147
656,0,1,0,0,2,1,1,-0.6529632650307401,-0.3570348160548566,-0.40329344749018714,5520
657,0,1,1,0,0,1,2,-0.7381949892693358,-0.7854765551500126,1.1127412996072594,5229
658,0,1,1,0,0,1,1,-0.9356137370093234,-1.0071827873855281,1.1733943910522076,4109
659,1,1,1,0,2,1,2,-0.9007116525225545,-0.7075741350144575,-0.10013943370402169,3906
660,1,1,2,0,2,0,2,-1.0323180192371573,-0.9862079526490122,0.696917969420831,4881
661,1,1,2,0,0,1,2,-1.194859209605265,-0.461901799187304,-0.17808018855806065,5220
662,2,1,2,0,2,1,1,-1.237450544609674,-0.6027143424321424,1.6411642940448397,4709
663,2,1,2,0,0,0,2,-0.8249657899672037,-2.141650262891049,2.250300198871035,4975
664,2,1,2,0,1,1,2,-0.7420518780856002,-0.6506537401655507,0.3936943034855556,5283
665,1,1,2,1,2,0,2,-0.5058312345915237,0.10136275489231436,-1.789374000864245,4446
666,1,1,1,0,0,1,2,-0.3355149488036651,0.2002328192142531,-0.8190610559573273,4562
667,1,1,1,0,1,1,2,-0.006422384783130579,0.7934532051458855,-0.17802446683877265,5172
668,1,1,1,0,1,1,1,-0.9394215715958104,0.22719738221114547,2.16965694063153,3767
669,1,1,1,0,2,1,2,-1.1948837367201537,-0.5697600511748735,0.1856711949537654,5122
670,1,1,1,0,2,1,1,-0.9316526079547816,-0.07840099842030201,-0.46401619108424563,5125
671,1,1,1,0,2,0,2,-0.7923876496161495,-0.767500179818751,-0.21273909795517398,5214
672,1,1,1,0,0,0,2,-0.920057414391099,-0.6176922583581496,-0.09148863678456517,4316
673,1,1,1,0,0,1,2,-0.8503820127707277,0.4429138861862845,0.5755421343818247,3747
674,1,1,1,0,0,1,1,-0.6181408936673597,-0.05743335423391832,0.6793934887047667,5050
675,1,1,1,0,1,1,1,-0.5871999382351331,0.3859863007872449,-1.4427960512369693,5100
676,1,1,1,0,2,1,2,-0.6839287475778559,-0.12634039615371032,-1.1569297008598944,4531
677,1,1,1,0,2,1,2,-0.7729683064029382,-0.3660230037204874,-1.8586778892286495,1470
678,1,1,1,0,2,0,2,-0.5987767364626488,-0.44991515211641886,-0.5331947055802522,2307
679,1,1,1,0,0,0,2,-1.3961348461615173,-1.6303661957193072,2.6547841591823627,1745
680,1,1,1,0,0,1,2,-1.341923790478537,-1.1719686247721366,-0.4986611700515367,2115
681,1,1,1,0,0,1,2,-0.8426682351381988,-0.6895977596831959,-1.9453363070652905,4750
682,1,1,1,0,1,1,1,-1.194914395613765,1.117027961108594,0.7141499111106338,3836
683,1,1,1,1,2,0,2,-1.1446092829768268,-0.8993245353979585,0.34163628724077555,5062
684,1,1,1,1,2,0,2,-1.091508079242565,-0.5440969777519647,-0.9859197443651341,5080
685,1,1,1,0,2,0,2,-0.9354849696561572,0.13131858674432784,-1.7806674822255006,5306
686,0,1,0,0,2,0,1,-0.9781805448988435,1.2608389637586868,-1.7634856900830573,4240
687,0,1,1,0,0,1,1,-0.718781777834847,1.380676672267008,-0.862537927431761,3757
688,0,1,1,0,0,1,2,-0.12652553461488417,0.9792066867188772,-1.4428545590422217,5679
689,1,1,1,0,2,1,2,-0.0452304123159415,0.7365256197468458,-0.16949904378771405,6055
690,1,1,2,0,0,0,2,-0.29689087463252023,-1.052123725713682,1.9185609430901438,5398
691,1,1,2,0,1,1,2,-1.3381159558920501,-0.8813481600666969,-0.1607925251489699,5035
692,2,1,2,0,2,1,1,-0.9471905352368392,0.9552405831272397,-0.7758767235091556,4659
693,2,1,2,0,0,1,1,-0.5329888825521526,2.0128482682664184,-1.1829378133375514,4429
694,2,1,2,0,2,1,1,-0.5290768077273883,1.9709057893435193,-0.394531207132155,2787
695,1,1,2,0,2,0,1,-0.2505162321565133,2.111718332588357,0.05588138030227644,4841
696,1,1,1,0,0,1,1,-0.8465987052991294,-0.24917656406728708,1.5287317949515515,5219
697,1,1,1,0,2,1,1,-1.098154927377431,-0.6686301154968123,-0.32540841435543616,5009
698,1,1,1,0,2,1,2,-1.1174700303523644,-1.0461339974533055,-0.16949904378771405,5107
699,1,1,1,0,2,0,2,-1.1174455032374757,0.08338637956105277,-0.7671144831511232,5182
700,1,1,1,0,0,0,2,-0.8464760697246857,0.13731550555483754,-1.1136896466924346,4280
701,1,1,1,0,0,1,1,-0.6529877921456289,1.4915333836598323,-1.1918114971341596,3248
702,1,1,1,0,0,1,1,-0.4594565921155168,1.9828852458642712,-1.2264105056830383,4373
703,1,1,1,0,1,1,2,-0.40912695236369,0.25116348580278297,0.48906202604690513,5124
704,1,1,1,0,2,1,2,-0.8233040779334874,-0.04244824775777884,-0.03071017147121905,4934
705,1,1,1,0,2,1,1,-0.8658892811591741,0.2631501328736686,-0.7499243327507864,3814
706,0,1,1,0,2,0,1,-1.0709972794168021,-0.5367985693674725,2.620125249785249,3402
707,0,1,1,0,0,1,2,-1.3303469922510212,-0.8334087623332886,-0.7412874662611523,1379
708,0,1,1,1,0,0,1,-1.333848237901398,1.1503705420730173,-1.5193381909368806,746
709,0,1,1,1,1,0,1,-1.1157715276463147,0.7439534580337234,-0.24476515611593105,573
710,0,1,1,0,2,1,0,-1.570332547880529,1.380676672267008,1.814430980170762,432
711,0,1,1,0,2,1,1,-1.531647155922162,0.1552918808860991,2.2823123266019705,1867
712,0,1,1,0,2,0,1,-1.357480113096761,-0.2971159618006954,-0.4294130034064203,2451
713,0,1,1,0,0,0,1,-1.4350225868177167,0.8743468941365625,-0.862482205712473,1182
714,0,1,1,0,0,1,2,-1.5006326191452686,-1.064110372784567,2.2909631235214265,1432
715,0,1,1,1,0,0,1,-1.5509929177907067,-0.3869978384570033,-0.43811952204516447,2290
