,season,yr,mnth,holiday,weekday,workingday,weathersit,temp,atemp,hum,windspeed,registered
0,0,0,0,0,0,1,2,14.110847,-0.6808176679882338,1.2676058249266382,-0.3634366712918128,654
1,0,0,1,1,2,2,2,14.902598,-0.741507266995984,0.48041494675560764,0.874656344096301,670
2,0,0,1,1,2,2,3,8.050924,-1.7503444674147217,-1.3760173600524508,0.8714238353437412,1229
3,2,0,1,1,0,1,3,8.2,-1.6108860797292004,-0.2774103102972757,-0.36554482917391706,1454
4,2,0,2,1,0,2,3,9.305237,-1.5056154704044076,-1.3782839785852632,0.008358052796107475,1518
5,2,0,3,1,2,2,3,8.378268,-1.4814341705367635,-0.7951031140542785,-1.3596227860242185,1518
6,3,0,3,1,0,1,2,8.057402,-1.6310402324241675,-0.9354397963152831,-0.24706635619965361,1362
7,3,0,4,1,1,2,2,6.765,-1.9170229321789771,-0.6690619088056007,1.1313597022072055,891
8,3,0,4,1,2,1,3,5.671653,-2.199899326340228,-1.39829621183383,2.468578301211865,768
9,2,0,3,1,0,2,3,6.184153,-1.9867981681006939,-1.0486200932432868,0.5194739041193628,1280
10,2,0,1,1,2,2,2,6.932731,-1.7377043820053593,0.4106733898108719,-0.9019164119247824,1220
11,2,0,1,1,2,1,3,7.081807,-1.9279563911950406,-0.2120657063924582,1.6629387393727533,1137
12,0,0,0,1,2,1,3,6.765,-1.986828862819998,-1.1382806364716311,1.611963481783471,1368
13,0,0,0,1,0,1,3,6.59567,-1.7564342997246234,-0.6547664317932734,-0.8398522438756306,1367
14,0,0,0,1,0,2,2,9.566653,-1.3899454901794397,-0.9350524627685365,-0.39833371143357993,1026
15,0,0,0,0,0,1,3,9.498347,-1.475246115125089,-1.0426451146425497,0.029903426351213996,953
16,0,0,0,1,1,2,2,7.209153,-1.8279038841519177,-0.6571047787606688,0.10838311710901775,883
17,0,0,0,1,2,2,2,8.883347,-1.486811885358814,1.6680943665755497,-0.5555741806668015,674
18,0,0,0,1,2,2,2,11.979134,-1.0810952245431948,0.8078695963124384,0.3093608352029642,1572
19,0,0,0,1,2,1,2,10.728347,-1.3473534976732926,-0.6511298001599318,0.13490374326589025,1844
20,0,0,0,1,0,1,3,7.2775,-1.944163202987521,-1.2339233311441704,2.3461927089627683,1468
21,0,0,0,1,0,2,3,2.4243464,-2.427687293872312,-1.6433707542724574,-0.20147392840267697,888
22,0,0,0,1,0,2,3,3.9573897,-2.306323443216463,-1.3814041654896096,0.8474048898736327,836
23,0,0,0,1,1,2,3,3.9930433,-2.189125479864545,-0.98534126825445,-0.3931757518153645,1330
24,0,0,0,1,2,2,2,9.162598,-1.4733491814721058,-0.0871721560971036,-0.7942035985351316,1799
25,0,0,0,1,2,2,0,8.9175,-1.663202159310836,1.674069345176286,1.5114746227364977,472
26,0,0,0,1,2,1,3,7.995,-1.564365163152149,0.41882173997946426,-1.018497542805152,416
27,0,0,0,1,0,1,2,8.342598,-1.5421606032076784,1.1758651570953964,-0.8855008892161297,1129
28,0,0,0,1,0,2,3,8.057402,-1.6108615239537574,0.16231368506835853,-0.5753908647585825,975
29,0,0,0,1,0,2,3,8.877402,-1.3763784242470982,0.6675329140514332,-1.5786266594487448,956
30,0,0,0,1,1,2,2,7.414153,-1.769712835295508,-0.18190389965044335,0.012461933473270745,1459
31,0,0,0,1,0,2,2,7.879134,-1.4733246256966626,1.4378317458782446,-1.8705306324364392,1313
32,0,0,1,1,2,2,2,10.66,-1.3512394491371713,1.0494366182999733,1.096279955048989,1454
33,0,0,1,1,2,2,3,7.665237,-1.8211080732980252,-1.3720507776200288,1.28522711882906,1489
34,2,0,1,1,0,2,2,8.663464,-1.5098083690613258,-0.31483820746251573,-0.8217080317036528,1620
35,2,0,2,1,1,2,2,9.566653,-1.4209717124518624,2.1522613000086097,-0.35454024502933223,905
36,2,0,3,1,2,1,3,11.719153,-1.1225392345473746,-0.4359444964119052,-0.625494750423262,1269
37,3,0,3,1,0,2,3,11.138347,-1.0489517144881086,0.7834388914935784,-1.9802208979195037,1592
38,3,0,4,1,2,2,3,9.054153,-1.696070064741495,-0.6541137030385713,2.468578301211865,1466
39,3,0,4,1,0,1,2,5.526103,-2.0273458923011987,-0.963507132767484,0.035609507018776194,1552
40,2,0,3,1,0,2,3,5.918268,-1.9950243528741498,-1.3751709645243753,0.5007534621262765,1491
41,2,0,1,1,2,2,3,7.752731,-1.6023713645942874,-0.8804384326772872,-1.0928030809563893,1597
42,2,0,1,1,0,1,3,9.1225,-1.4829996012212645,-0.6092834314243991,0.23979162509352125,1184
43,0,0,1,1,0,2,3,12.977402,-0.9233796178156899,-1.2317140953590242,1.0481436834076072,1192
44,0,0,1,1,1,2,3,17.015,-0.46764284242236975,-1.8167168621284093,-0.07491418354701358,1705
45,0,0,1,1,2,2,3,10.909567,-1.352117318109264,-2.25773914215999,1.4766759632958955,1675
46,0,0,1,1,2,2,3,13.048701,-0.9719570805861053,-1.4749667355592517,0.9203612069803233,1897
47,0,0,1,1,2,1,3,17.869153,-0.2815837318896066,-0.8902221911543643,0.6155637403856786,2216
48,0,0,1,1,0,1,3,21.388347,0.22994376531055497,-0.8065366265267568,1.1049515111373782,2348
49,0,0,1,1,0,2,3,16.365847,-0.5102839464794034,-0.02051492183942339,-0.07491418354701358,1103
50,0,0,1,0,0,1,3,11.693897,-1.2105778284549356,-1.5872360813680553,0.5190241637711805,1173
51,0,0,1,1,1,2,2,12.436653,-1.1691706521139205,-0.1729378453276089,1.7081798075227128,912
52,0,0,1,1,2,2,3,7.471102,-1.7710449861132989,-0.3681969899485683,0.13179772398625667,1376
53,0,0,1,1,2,2,3,9.091299,-1.404648260726027,-1.4780869224635982,-1.2957062499159913,1778
54,0,0,1,1,2,1,2,12.121732,-1.1377638153221288,0.48976833462518815,0.9021607772648226,1707
55,0,0,1,1,0,1,2,14.938268,-0.761630724971647,0.5958044794687577,2.2519861604044653,1341
56,0,0,1,1,0,2,3,11.5825,-1.180730283403784,-0.6541137030385713,0.003734159841358628,1545
57,0,0,1,1,0,2,3,14.082598,-0.7576526893498564,0.3650254140424576,-0.8581229455205348,1708
58,0,0,1,1,1,2,2,16.698193,-0.45678918967649657,1.773513646881707,1.452952159929281,1365
59,0,0,0,1,1,2,3,10.933347,-1.2931527623263952,-0.6750368874063376,0.4233137959236439,1714
60,0,0,1,1,2,1,3,13.735,-0.9481932289009949,-1.287719657081177,1.7079971005062637,1903
61,0,0,1,1,2,1,3,8.131653,-1.684485877676188,-2.2291553609787935,0.5544271618046527,1562
62,2,0,1,1,0,2,2,10.728347,-1.3434921019848567,-0.13408255231417365,0.23949648299002657,1730
63,2,0,2,1,2,2,2,15.750847,-0.5877881127218523,1.1480632158511521,0.9214855578507789,1437
64,2,0,3,1,0,1,2,15.437402,-0.6646906624659435,2.2892195730007696,2.206281297520444,491
65,3,0,3,1,0,2,3,10.731299,-1.449192437379905,-0.5580908476627433,2.179086060841298,1628
66,3,0,4,1,2,2,3,11.9925,-1.05667450586498,-1.4939389065063693,-0.9227450117999729,1817
67,3,0,4,1,0,2,2,12.129153,-1.1536207073145444,1.0494366182999733,0.47566638332923483,1700
68,2,0,3,1,1,2,0,15.952731,-0.5454969284648834,-0.02051492183942339,1.0621137429730185,577
69,2,0,1,1,2,1,2,12.977402,-1.040713251826931,0.14671992339008502,0.655843610319752,1730
70,2,0,1,1,0,2,3,13.495847,-0.9133301667155796,-0.24765735563238192,0.48445037450466977,1408
71,0,0,1,1,0,2,3,15.758268,-0.5797338183764984,-0.7296150532802954,1.1847663685538485,1435
72,0,0,1,1,1,2,3,13.333897,-0.8749617675856545,-0.94791337108921,-0.6939958272057722,1687
73,0,0,1,1,2,2,2,13.013031,-0.9598142496294667,0.19038102152055952,-0.02805686102077453,1767
74,0,0,1,1,2,2,2,14.973897,-0.6605284585283294,1.057362610321358,0.23627802862334735,1871
75,0,0,1,1,2,1,3,17.015,-0.3940798781385472,-0.1878788782511803,0.32709747018440216,2320
76,0,0,1,1,0,1,3,22.14,0.32218753576275533,-0.7452088149585689,0.6283953946947536,2355
77,0,0,1,1,0,2,3,19.3725,-0.04912034471314664,-1.7928026020385455,2.555954418232149,1693
78,0,0,1,1,0,2,3,13.6325,-0.9133301667155796,-1.1143735492252254,0.3009844212180696,1424
79,2,0,1,1,1,2,2,17.647835,-0.3977509665672982,0.7766820729558903,1.4402610494790131,1676
80,2,0,1,1,2,2,3,18.108347,-0.20801462866192308,-0.03247205188435531,0.5543709442611299,2243
81,2,0,1,1,2,2,2,14.225237,-0.8385025799964346,1.5095601804609202,0.6739878224917298,1918
82,2,0,1,1,2,1,2,11.685,-1.2504625467184751,1.2676058249266382,0.8078699023912361,1699
83,2,0,1,1,0,1,3,10.830847,-1.339606150520978,-0.9619506257370398,0.6242915140175903,1910
84,2,0,1,1,0,2,3,10.899153,-1.3318772202002458,-1.6852099501645321,0.32698503509735655,1515
85,2,0,1,1,0,2,2,10.374763,-1.3762740622014649,-0.9697475065761765,-0.02818335049370077,1221
86,2,0,1,1,1,2,3,10.838268,-1.3318588033686636,-2.3450613384209387,0.3639902331212279,1806
87,2,0,1,1,2,2,3,12.4025,-1.1149453609915798,-2.2590374268259366,0.5718827090684765,2108
88,2,0,1,1,2,2,2,12.3,-1.0876761723619595,0.12593302304802567,-0.18857200216419853,1368
89,2,0,1,0,2,1,0,11.001653,-1.3318526644248028,2.074550713981738,0.440474201083973,1506
90,0,0,0,1,2,2,2,12.3,-1.1729829362514697,0.40985568565662983,1.017575394117094,1920
91,0,0,1,1,0,1,2,12.915,-0.975413305979729,0.17673827326293434,0.15235929052971411,1354
92,0,0,1,1,0,1,3,15.511653,-0.5878617800481816,-1.0695432776110532,-0.057514853826712536,1598
93,2,0,1,1,1,2,3,23.506653,0.4199195220265009,-1.4550836134929341,-0.07491418354701358,2381
94,2,0,2,1,2,2,2,16.980847,-0.46764284242236975,0.09305270863532636,-0.07491418354701358,1628
95,2,0,3,1,0,2,3,16.024153,-0.5335873773749545,-1.1352967335929915,1.0787822446275233,2395
96,3,0,3,1,1,2,3,17.9375,-0.25065573271895675,-0.1878788782511803,-0.33721118723843463,2570
97,3,0,4,1,2,1,2,13.769153,-0.9211327643626416,1.4857822043967628,0.5718264915249537,1299
98,3,0,4,1,0,2,2,14.0425,-0.8164637715362055,1.7816619970502994,-0.7480068321452853,1576
99,2,0,3,1,2,2,2,17.493347,-0.2933766430461806,1.6382051278849483,-0.5556866157538471,1707
100,2,0,1,1,0,1,2,24.421732,0.5567443027957442,0.6301050168861932,1.9418761359469179,2493
101,2,0,1,1,0,2,2,20.6025,0.11373969696969835,0.7894210429377744,1.2448488681938223,1777
102,2,0,1,1,2,2,2,16.9125,-0.3514142183060705,1.3632485195991786,0.9038613579563866,1953
103,2,0,1,1,2,1,3,19.1675,-0.07234396933850788,-0.6361815943929023,-1.0625861513128938,2738
104,2,0,1,1,0,1,3,18.313347,-0.2002120310148616,0.30226303378261654,0.5631549354365648,2484
105,2,0,1,1,0,2,0,17.664153,-0.30101962815286154,1.8593654102337114,2.1714404749222,674
106,2,0,1,1,0,2,3,18.723347,-0.17698840638950036,-1.0725343533331506,1.6470432289416868,2186
107,2,0,1,1,1,2,3,21.0125,0.175693918412771,-0.621240561469331,-0.3195729329581617,2760
108,2,0,1,1,2,2,2,20.739153,0.09043626607414726,0.2634077407691808,-0.3982212763465343,2795
109,2,0,1,1,2,2,3,24.395,0.5516796741105938,-0.10718438934567033,0.7817006358813804,3331
110,2,0,1,1,2,1,3,18.825847,-0.1266736225064817,-1.5925655040575482,1.9528947744773837,3444
111,2,0,1,1,0,1,2,13.803347,-0.9366335976111311,0.7206765112337373,0.4668261746102775,1506
112,2,0,1,1,0,2,2,18.86,-0.14982357980551367,1.856381507355073,0.6242915140175903,2574
113,2,0,1,1,0,2,2,23.848347,0.4741509520927019,1.303470042217976,0.08249493831677647,2481
114,2,0,1,1,1,2,3,24.873347,0.6137321186554393,1.0584026726228075,-0.013665169878942418,3300
115,2,0,1,1,2,2,3,25.898347,0.7339510562812507,0.7176926083550988,1.970350321741207,3722
116,2,0,1,1,2,2,2,25.42,0.6176733206140652,1.4798072257960264,1.769372603647261,3325
117,2,0,1,1,2,1,2,25.3175,0.6409215010148691,0.5144572618085451,1.8917581958963579,3489
118,2,0,1,1,0,1,3,20.91,0.14080630045191267,-1.2339233311441704,0.7555313693715253,3717
119,2,0,1,1,0,2,3,19.3725,-0.06449226014056021,-0.9021793211992961,0.6854280925986163,3347
120,0,0,0,1,2,2,2,18.518347,-0.16159193518664414,0.9537939236274328,-1.1236665123503968,2213
121,0,0,1,1,0,2,2,22.515847,0.3579407448079847,0.7236675869558353,-0.04007336094876928,3554
122,0,0,1,1,0,2,2,25.283347,0.6602591741763517,0.4875590988400418,2.197567578274412,3848
123,2,0,1,1,2,2,2,16.980847,-0.4289674960994051,0.7744728371707439,2.0054300688994235,2378
124,2,0,2,1,2,1,3,18.825847,-0.20018747523941852,-1.3265677772511544,1.5331464857645303,3819
125,2,0,3,1,0,2,3,19.645847,-0.0025134829220440314,-0.2805304972016222,0.589450691419346,3714
126,3,0,3,1,2,2,3,21.32,0.23386041149373732,-0.6302066157921654,-0.36338045374829,3102
127,3,0,4,1,0,1,3,21.661653,0.2726094251430317,0.018340371174011858,-1.5694224421354774,2932
128,3,0,4,1,1,2,3,21.8325,0.3113645777361862,-0.28949655152445664,-0.14483475330347403,3698
129,2,0,3,1,2,2,3,21.8325,0.2958637444876966,-1.0037898216291146,-0.9927217990999563,4109
130,2,0,1,1,0,2,3,22.2425,0.33072680667311183,0.0273064254968463,-0.9228574468870187,3632
131,2,0,1,1,1,2,3,21.935,0.2998049464463225,0.8491923474755174,0.047246538527992224,4169
132,2,0,2,1,0,1,2,21.0125,0.12138882102024028,1.6800443237770226,-0.09248216589788308,3413
133,2,0,2,1,0,2,2,21.354153,0.1602421967151676,2.1044399526723394,-0.7217672937060265,2507
134,2,0,2,1,0,2,2,23.0625,0.3773827800151006,1.7069424867455258,-0.46838077066296624,2971
135,2,0,2,1,1,2,3,23.6775,0.46647113332285634,1.1390971615283176,-0.8353126772361662,3185
136,2,0,2,1,2,2,2,23.028347,0.3929081690390333,1.4977393344416952,1.2796334732485435,3445
137,2,0,2,1,2,2,2,22.55,0.323102238398013,1.7278656711132927,0.2134396515672172,3319
138,2,0,2,1,2,1,2,21.764153,0.2223253359793167,1.4379608570604927,-1.0975394089981838,3840
139,2,0,2,1,0,1,3,22.003347,0.33466800863173773,0.6489480766510618,-0.8614257262024984,4008
140,2,0,2,1,0,2,3,24.7025,0.5982312854069493,-0.01752384611732591,-0.9227450117999729,3547
141,2,0,2,1,0,2,3,24.770847,0.6137321186554393,0.8641333803990884,-0.5382451228759039,3084
142,2,0,2,1,1,2,2,25.898347,0.7107028758804468,1.2974950636172395,0.6680990348077186,3438
143,2,0,2,1,2,2,2,27.06,0.7998219239075062,0.8013710001392472,0.2921442124991122,3833
144,2,0,2,1,2,2,3,27.094153,0.865686652589901,0.48158412023930536,-0.45075657076857434,4238
145,2,0,2,1,2,1,3,29.041653,1.1060017489643086,0.34709330539678873,0.18743903768793027,3919
146,2,0,2,1,0,1,3,27.948347,0.9974652215055765,0.17673827326293434,0.7641888710740337,3808
147,2,0,2,1,0,2,3,26.889153,0.8462691731582286,0.7206765112337373,0.6153950877551101,2757
148,2,0,2,0,0,1,3,27.3675,0.8657357641407872,1.3602574438770807,0.3883605382383539,2433
149,2,0,2,1,1,2,3,30.066653,1.2067049840566753,0.40088963133379535,-0.7741198811116174,2549
150,2,0,2,1,2,2,3,31.775,1.5399943852027178,0.054204588465349625,-1.0537459425939364,3309
151,0,0,0,1,2,1,2,31.330847,1.5128848091134774,0.34410222967469073,0.2921442124991122,3461
152,0,0,1,1,0,2,3,29.315,1.0400326582362804,-2.324790882807875,1.4895076176049702,4232
153,0,0,1,1,0,2,3,25.42,0.691285396448774,-1.9721236884952342,0.939053540201648,4414
154,2,0,1,1,2,2,3,26.035,0.7377142288679139,-1.2398983097449074,-0.8877214821852796,3473
155,2,0,2,1,0,1,2,26.581653,0.8734339997422154,0.1677722189400999,-0.669175781740464,3221
156,2,0,3,1,1,2,3,27.811653,0.904460222014638,-0.20880206261894665,-0.9052332469926263,3875
157,3,0,3,1,2,2,3,29.0075,1.113749096116623,-0.22374309554251806,0.021119435175779064,4070
158,3,0,4,1,0,2,3,31.809153,1.5516338227627717,-0.050404160530024195,-0.6955277552667681,3725
159,3,0,4,1,2,2,2,33.141653,1.7376438217446486,-0.4359444964119052,-0.5118931493495998,3352
160,2,0,3,1,2,1,3,30.955,1.4043789763740493,-0.1729378453276089,-0.6430065152306087,3771
161,2,0,1,1,0,2,3,29.725,1.2493460881137084,0.1827132518636708,-0.442085014680185,3237
162,2,0,1,1,2,2,3,28.3925,1.036244929874174,0.8521834231976154,-0.3195729329581617,2993
163,2,0,3,1,1,2,3,26.035,0.7804290002512768,-0.9649417014591373,1.673100060364496,4157
164,2,0,3,1,2,2,3,24.770847,0.7183765557064318,-0.8752811582307929,1.16620052480545,4164
165,2,0,3,1,2,2,3,25.693347,0.6950976805863234,-1.1293145821487967,-0.2585066263065396,4411
166,2,0,3,1,2,1,2,25.761653,0.741704542377426,0.42479671858020074,0.28341643886720047,3222
167,2,0,3,1,0,1,3,26.615847,0.7726264026042153,0.7655067828479095,-0.6082219101758872,3981
168,2,0,3,1,0,2,3,28.563347,1.0401063255626097,0.29628805518188006,-0.9402005590637968,3312
169,2,0,3,1,0,2,2,28.665847,1.0517212073472206,0.2693898922133767,-1.1848593084749452,3105
170,2,0,3,1,1,2,2,26.035,0.741704542377426,0.840226293152683,-0.43330102350475047,3311
171,3,0,3,1,2,2,2,27.914153,1.0013818676887594,1.0135724010086353,-0.2147553230599345,4061
172,3,0,3,1,2,2,3,30.066653,1.3462861506194126,0.5622786091448153,-0.1973700477255141,3846
173,3,0,3,1,2,1,2,29.861653,1.3463107063948558,0.532389370454214,0.7378368975477296,4044
174,3,0,3,1,0,1,3,29.690847,1.1176350475805017,-0.40008027912056743,0.5020183568555389,4022
175,3,0,3,1,0,2,3,28.495,1.0361712625478448,-1.0456361903646472,0.32698503509735655,3420
176,3,0,3,1,0,2,3,27.88,1.001277505643126,-0.8304508866166206,-1.2897991915303348,3385
177,3,0,3,1,1,2,2,27.9825,0.9974406657301335,0.2096114148321741,-1.1063234001736186,3854
178,3,0,3,1,2,2,3,30.510847,1.3384835529723504,0.03627247981968074,-0.5905977102814949,3916
179,3,0,3,1,2,2,3,29.861653,1.1060017489643086,-0.9410274413692734,1.0613266973637,4377
180,3,0,3,1,2,1,3,28.563347,0.9974652215055765,-1.39829621183383,-0.013960311982437103,4488
181,0,0,0,1,0,1,3,29.6225,1.0904947767719582,-1.6702689172409606,-1.1763142418594823,4116
182,0,0,1,1,1,2,3,30.271653,1.1834752204874535,-1.323583874372515,-1.0012809201013,2915
183,0,0,1,1,1,2,2,29.383347,1.191253262359072,0.3829575226881265,0.5980519755783319,2367
184,2,0,1,0,2,1,2,29.793347,1.1718664776467036,0.06317064278818407,-1.4732665502555227,2978
185,2,0,2,0,0,1,3,30.613347,1.361688760766129,-0.2775394214795247,-0.8439280157810323,3634
186,2,0,3,1,2,2,3,29.52,1.2959713667363937,0.8193031087849162,-0.5118931493495998,3845
187,3,0,3,1,2,1,3,30.75,1.3035713792360493,0.15880616461726543,-0.3809484360991595,3838
188,3,0,4,1,0,2,2,29.075847,1.2029663672454551,0.923911857780291,0.5456431706292181,3348
189,3,0,4,1,2,2,3,30.066653,1.1641375473259714,-0.1430486066370081,-0.2585066263065396,3348
190,2,0,3,1,0,1,3,30.6475,1.3229336081729746,-0.36421606182922966,-0.03983443638879741,3138
191,2,0,1,1,1,2,3,31.2625,1.5671346560112613,0.04822243702115467,1.3496664780920493,3363
192,2,0,1,1,2,2,3,32.560847,1.625276593316784,-0.5016907795503858,0.19604032184691617,3596
193,3,0,3,1,2,2,3,30.613347,1.3191213240354251,0.018340371174011858,-0.5645970964022083,3594
194,3,0,3,1,2,1,3,27.914153,0.9857766723946358,-1.0964414405795564,0.7640202184434656,4196
195,3,0,3,1,0,1,3,27.196653,0.9198873879367984,-0.2715644428787878,-0.0488011345806814,4220
196,3,0,3,1,0,2,3,28.153347,1.0051695960508655,-0.31639471449295997,0.30971219484998175,3505
197,3,0,3,1,0,2,3,29.485847,1.198976053735943,-0.17891282392834587,0.8253816671985827,3296
198,3,0,3,1,1,2,3,30.613347,1.408264927837928,0.15880616461726543,0.41458602229173214,3617
199,3,0,3,1,2,2,3,31.843347,1.6756404887506895,0.15283118601652898,-0.7829038722870524,3789
200,3,0,3,1,2,2,3,31.501653,1.6717790930622538,0.5592875334227173,-1.0187786305227657,3688
201,3,0,3,1,2,1,2,33.415,2.1599540478159778,0.4457199029479676,0.501962139312016,3152
202,3,0,3,1,0,1,3,34.781653,2.2491222073939237,-0.34926785606220023,-0.7477679075853134,2825
203,3,0,3,1,0,2,3,34.815847,2.024381611594335,-0.926086408445702,-0.7741760986551403,2298
204,3,0,3,1,0,2,3,34.03,1.9663194805590019,-0.5614692569315873,-0.24081215448274387,2556
205,3,0,3,1,1,2,3,30.476653,1.5128295586187301,0.917929706336095,-1.3421517789359256,3272
206,3,0,3,1,2,2,3,31.638347,1.3656238237808949,-0.6331976915142629,0.19609653939043897,3840
207,3,0,3,1,2,2,3,31.775,1.3268748101316004,-1.622447569904691,-0.03994687147584304,3901
208,3,0,3,0,2,1,3,31.945847,1.6291134332297768,-0.3283518445378919,-0.10999393070522975,3784
209,3,0,3,1,0,1,3,34.371653,1.9119161600646983,-0.621240561469331,-0.17100401981332905,3176
210,3,0,3,1,0,2,3,32.970847,1.5593566141396429,-1.1711609508843295,-0.24972263513110504,2916
211,3,0,3,1,0,2,3,33.039153,1.567085544460375,-1.0635682990103161,-0.302061168150815,2778
212,0,0,0,1,0,2,3,31.638347,1.4043789763740493,-0.5614692569315873,-0.4158454762409266,3537
213,0,0,1,1,2,2,3,32.116653,1.427578045223967,-0.988848788705543,0.27468866523528834,4044
214,0,0,1,1,2,2,2,29.998347,1.2610039425053454,0.20363643623143765,-0.7128708674435463,3107
215,2,0,1,1,0,1,2,29.11,1.168005081958268,0.9209207820581929,0.15241550807323692,3777
216,2,0,2,1,0,2,3,29.144153,1.1175368244787294,0.012358219729816898,-0.022617813684945424,3843
217,2,0,3,1,2,2,2,29.383347,1.2377803178799838,0.9029886734125241,0.5895069089628688,2773
218,3,0,3,1,0,1,3,30.4425,1.4780463027035056,0.8880476404889532,0.21336937963781377,2487
219,3,0,4,1,1,2,3,31.365,1.4043237258793022,-0.2655894642780508,0.08249493831677647,3480
220,3,0,4,1,2,1,3,31.775,1.5322470380504025,-0.4209962906448758,-0.49449381962929884,3695
221,2,0,3,1,0,2,3,31.433347,1.2919810532268816,-1.4700246464165054,0.19609653939043897,3896
222,2,0,1,1,2,2,3,29.4175,1.0865597137571932,-1.4730157221386029,-0.3023000927107869,3980
223,2,0,1,1,2,1,3,29.041653,1.1020359912302398,-1.535778102398444,-0.8528806595870353,3854
224,3,0,4,1,0,2,2,28.119153,1.0517948746735508,0.7206765112337373,0.3534494437107062,2646
225,3,0,4,1,0,2,2,27.743347,0.9199917499824317,1.3512913895542462,0.5105634234710019,2482
226,3,0,4,1,1,2,3,27.299153,0.8695234925028935,0.5951517507140551,0.3183134790089672,3563
227,3,0,4,1,2,2,3,28.734153,1.0516659568524733,-0.36421606182922966,0.7030522924930082,4004
228,3,0,4,1,2,2,3,29.656653,1.1795647132481317,-0.385132073353538,-0.5992552119840036,4026
229,3,0,4,1,2,1,3,29.178347,1.1524735539904742,0.1827132518636708,0.6591885541593574,3166
230,3,0,4,1,0,1,2,28.085,0.9742170411047721,0.6728623367409267,-0.6605182800379553,3356
231,3,0,4,1,0,2,3,28.5975,1.0710588805087036,0.3231862181503834,-1.1501871385072693,3277
232,3,0,4,1,0,2,3,29.144153,1.233918922191548,1.0105813252865374,0.8776780370606506,2624
233,3,0,4,1,1,2,3,28.358347,1.0051143455561184,-1.1412717121937286,1.2711446241766033,3925
234,3,0,4,1,2,2,3,26.274153,0.8075201595089342,-1.2458732883456445,-0.55574283329737,4614
235,3,0,4,1,2,2,3,27.606653,0.9586916520808395,-0.1729378453276089,0.9388708331851989,4181
236,3,0,4,1,2,1,2,28.050847,1.0517703188981076,1.0225384553314698,0.34472167007879445,3107
237,3,0,4,1,0,1,3,28.7,1.1369727207419837,0.9478189450266963,-1.4383652937979914,3893
238,3,0,4,1,0,2,2,27.88,0.9885514750197122,1.5844088019479416,2.660659593043331,889
239,3,0,4,1,0,2,3,28.989419,1.0646927957250663,-0.4830557322458068,1.6633884797209357,2919
240,3,0,4,1,1,2,3,26.103347,0.8191289023496846,-0.534571093963084,-0.3721644449237246,3905
241,3,0,4,1,2,2,3,26.205847,0.7377633404188001,-0.5794013655772563,-0.8614959981319018,4429
242,3,0,4,1,2,2,3,26.923347,0.838546381781357,-0.22374309554251806,-1.4472083133941251,4370
243,0,0,0,1,0,2,3,26.855,0.8618743684523515,0.07213669711101851,-0.6255509679667848,4332
244,0,0,1,1,2,2,2,26.376653,0.7997912291882024,0.7027444025880684,-0.6517905064060436,3852
245,0,0,1,1,2,2,3,27.435847,0.974167929553886,0.6280320651267544,-0.013777604965988049,2549
246,2,0,1,0,0,1,3,29.075847,1.171940144973033,0.8103370544620817,0.28336022132367766,2419
247,2,0,2,1,1,2,2,27.606653,0.927714541359303,1.1570292701739864,0.37090499097453006,2115
248,2,0,3,1,2,1,0,22.14,0.24969274771071,1.8494955776351358,2.2155009746581795,2506
249,3,0,3,1,0,2,0,24.565847,0.42790014904552504,2.0655846596589034,-1.2548389066521046,1878
250,3,0,4,1,2,2,0,25.990433,0.4962388721038172,2.2268445262876755,0.09054810142641517,1689
251,3,0,4,1,0,1,2,26.65,0.6410258630605025,1.9281099419377485,-0.8703362068508596,3127
252,2,0,3,1,0,2,3,27.06,0.8191534581251276,0.8940226190896897,-0.4595405619440089,3595
253,2,0,1,1,2,2,3,26.786653,0.8269314999967461,0.6071088807589875,-1.0013933551883454,3413
254,2,0,1,1,0,1,3,26.418268,0.7833511375290121,0.45234761030340664,-1.368789056495608,4023
255,3,0,4,1,2,2,3,26.684153,0.7920929935867743,0.5981428264361531,-0.6254385328797392,4062
256,3,0,4,1,2,2,3,27.606653,0.935412776960731,0.4875590988400418,-0.26710791046552546,4138
257,3,0,4,1,2,1,2,23.6775,0.48586405697908563,0.5742357391897478,1.1923838457011857,3231
258,3,0,4,1,0,1,2,19.235847,-0.08012201121012627,-0.2775394214795247,-0.3109154312556534,4018
259,3,0,4,1,0,2,2,20.158347,0.024467175346119013,0.6399820223282273,0.04735897361503786,3077
260,3,0,4,1,0,2,3,20.8075,0.09828797527209494,0.47261806591647093,-0.10993771316170693,2921
261,3,0,4,1,1,2,2,22.515847,0.33855396009561645,0.43675384862513317,-0.4857660459973867,3848
262,3,0,4,1,2,2,2,23.028347,0.3541591553897394,1.8085601600188028,-0.7217110761625037,3203
263,3,0,4,1,2,2,2,24.395,0.46660005114393277,1.9430509748613194,-1.2635048409861416,3813
264,3,0,4,1,2,1,2,25.761653,0.49379557244722355,1.9579920077848902,-0.8176884773417739,4240
265,2,0,4,1,0,1,2,24.975847,0.29220493394666675,2.463082125585717,-1.5170108263091875,2137
266,2,0,4,1,0,2,2,24.873347,0.5518024529878098,1.674069345176286,-1.516777523503568,3647
267,2,0,4,1,0,2,2,26.000847,0.6022952662427911,1.548544584656604,-1.9103579511451543,3466
268,2,0,4,1,1,2,2,26.615847,0.7030046402790187,1.5724516719030093,-1.0625861513128938,3946
269,2,0,4,1,2,2,2,26.103347,0.6138855922519589,1.8384493987094042,-0.9575858343982174,3643
270,2,0,4,1,2,2,2,26.035,0.6177715437158376,1.5754427476251072,-0.5295173492439922,3427
271,2,0,4,1,2,1,3,25.283347,0.6138057859817686,0.5025073046070723,-0.18864227409360196,4186
272,2,0,4,1,0,1,3,23.130847,0.431583515361998,0.13190800164876212,0.28347265641072295,4372
273,0,0,0,1,1,2,2,16.81,-0.37854835017075356,0.8940226190896897,1.4896341070778967,1949
274,0,0,1,1,2,1,2,14.623347,-0.7932094521915406,1.1659953244968209,0.5018497042249708,2302
275,0,0,1,1,2,1,2,15.750847,-0.5063427445207775,0.9448278693045984,-1.4470326335706163,3240
276,2,0,1,1,0,2,3,19.850847,-0.010242413242776232,0.5802107177904842,0.2747448827788112,3970
277,2,0,2,1,2,2,3,22.071653,0.3229794595207971,0.1348990773708601,-0.12726677095260455,4267
278,2,0,3,1,0,1,3,20.260847,0.03621097495180638,-0.059370214852858635,-0.7217110761625037,4126
279,3,0,3,1,0,2,3,20.944153,0.1834167097896422,0.3949146527330589,-2.3037050759811217,4036
280,3,0,4,1,2,2,3,21.388347,0.23767269563128673,0.5174483375306431,-1.9802785209016152,3174
281,3,0,4,1,0,2,3,22.174153,0.3036110916400109,0.7057354783101664,-1.7266558841757589,3114
282,2,0,3,1,1,2,3,23.404153,0.4198949662510574,0.7505657499243386,-2.0238471171317713,3603
283,2,0,1,1,2,1,2,23.233347,0.43936155723361636,1.288529009294405,-0.6080392031594382,3896
284,2,0,1,1,0,2,0,22.276653,0.26514446940831343,1.9878812464754916,0.8691891879887104,2199
285,2,0,3,1,2,1,2,24.155847,0.47440264879099425,1.919143887614914,-0.625677457439711,2623
286,2,0,3,1,0,1,2,22.584153,0.33855396009561645,0.6250409894046565,0.5281314058218715,3115
287,2,0,3,1,0,2,3,20.773347,0.1485536476042274,-1.0456361903646472,1.0087914029416598,3318
288,2,0,3,1,0,2,3,20.978347,0.17574302996365718,-1.0217219302747833,1.3409527588460184,3293
289,2,0,3,1,1,2,3,21.900847,0.22222097393368334,-0.35525000750639524,-0.1535625269353858,3857
290,2,0,3,1,2,2,2,21.8325,0.2958637444876966,0.5204394132527411,-1.0712014898577602,4111
291,2,0,3,1,2,2,0,22.211299,0.24139289561092434,1.9087432646004254,0.8015735375166838,2170
292,2,0,3,1,2,1,3,19.509153,-0.04912034471314664,0.05121351274325214,-0.07491418354701358,3724
293,2,0,3,1,0,1,3,17.5275,-0.3126590657129156,-0.3940981276763725,0.4931781481365815,3628
294,2,0,3,1,0,2,3,17.3225,-0.30101962815286154,0.00040826252834297354,-1.316033108215241,2809
295,2,0,3,1,0,2,3,17.288347,-0.32041255180909084,0.8043620758613452,-1.2198195933531755,2762
296,2,0,3,1,1,2,3,18.996653,-0.10718247574848003,1.0255223582101083,-0.9488580607663055,3488
297,2,0,3,1,2,2,3,19.338347,-0.06845801787462918,-0.04442200908582924,-0.27613082620093193,3992
298,2,0,3,1,2,2,2,19.850847,-0.010316080569105953,0.6549302280952577,-0.5293346422275431,3490
299,2,0,3,1,2,1,2,19.27,-0.1073113935695565,1.3184182479850064,0.1610308466181034,2419
300,2,0,3,1,0,1,2,13.564153,-0.9559221592217271,-0.310419735892223,0.6067797492102437,3291
301,2,0,3,1,0,2,0,10.420847,-1.5139460172234969,1.817526214341637,2.3198969529799864,570
302,2,0,3,1,0,2,3,13.085847,-0.9404704375241236,-0.03844703048509227,-0.13616319721508474,2446
303,2,0,3,1,1,2,3,13.94,-0.7272403614635128,0.532389370454214,-1.1237227298939196,3307
304,0,0,0,1,2,2,3,16.434153,-0.47539018957468454,0.3919235770109609,-0.7130395200741148,3658
305,0,0,1,1,0,1,3,15.4775,-0.5180865441264649,0.6429730980503253,-1.4646582389035965,3816
306,0,0,1,1,0,1,3,16.741653,-0.4211648984523436,0.5234233161313796,-0.6955277552667681,3656
307,2,0,1,1,1,2,2,16.536653,-0.43669028747627675,-0.04741308480792671,1.2012802719636655,3576
308,2,0,2,1,2,2,3,13.393347,-0.924969604275634,-0.7886045178810879,0.03874363507017137,2770
309,2,0,3,1,0,2,3,14.281653,-0.6885957098598522,0.756540728525075,-1.324641419567167,2697
310,3,0,3,1,1,2,3,16.195,-0.4521665649493233,0.9298868363810274,-1.8141444362830887,3662
311,3,0,4,1,2,1,3,16.741653,-0.3823360785328594,0.6638962824180922,-1.6481270030673725,3829
312,3,0,4,1,0,2,3,16.4,-0.40177811373997535,0.9268957606589294,-1.7442828949473272,3804
313,2,0,3,0,2,1,2,15.58,-0.6188388907697177,1.3214021508636449,0.03881390699957479,2743
314,2,0,1,1,0,1,3,13.290847,-1.0295587908318793,-1.311626744327583,1.8041572087019822,2928
315,2,0,1,1,0,2,3,14.623347,-0.7157052859490922,-0.546521051164558,0.36199451032616925,2792
316,2,0,1,1,0,2,3,18.074153,-0.2699688501049957,-1.2249572768213361,1.341008976389541,2713
317,2,0,1,1,1,2,3,21.73,0.3074724873284465,-0.30145368156938857,1.690611825171843,3891
318,2,0,1,1,2,2,2,21.73,0.20290785654764432,0.4277877943022987,0.18731254821500404,3746
319,2,0,1,1,2,2,0,18.723347,-0.1383621716174223,2.158236278609346,-0.6953591026361996,1672
320,2,0,1,1,2,1,2,14.008347,-0.9288555557395127,-0.3821481704748985,1.673268712995065,2914
321,2,0,1,1,0,1,3,11.240847,-1.2388722207093075,-1.5716423196897817,-0.24977885267462785,3147
322,2,0,1,1,0,2,3,13.495847,-0.921108208587198,-0.9111453755221306,0.536746744366738,2720
323,2,0,1,1,0,2,2,18.996653,-0.10723772624322678,0.3978985556116974,-0.004993613790553116,2733
324,2,0,1,1,1,2,0,18.3475,-0.18088049679724005,2.014779409443995,-0.6781424799323477,2545
325,2,0,1,1,2,2,0,17.083347,-0.32432305904841263,2.3913536910030415,-0.9488580607663055,1538
326,2,0,1,0,2,1,2,18.074153,-0.270048656375186,0.923911857780291,2.1014074700786933,2454
327,2,0,1,0,2,1,3,15.306653,-0.6265125705957026,-0.5734192141330613,-0.26705169292200265,935
328,2,0,1,1,0,1,3,15.375,-0.5761732309372409,0.1050098386802588,-1.2284869331258004,1697
329,2,0,1,1,0,2,3,15.409153,-0.5490636548480015,0.37698254408739,-1.6567943428399976,1819
330,2,0,1,1,0,2,3,18.825847,-0.11496051762009843,0.49652515316287626,0.3183134790089672,2261
331,2,0,1,1,1,2,3,20.642598,0.09574031356986797,0.8172229841820188,-0.6209692381696782,3614
332,2,0,1,1,2,2,2,18.791653,-0.14212534420408512,1.446926911383327,1.0089178924145856,2818
333,2,0,1,1,2,2,3,13.325,-1.002522882068969,-0.11316654078986528,1.192552498331754,3425
334,0,0,0,1,2,2,3,12.8125,-1.0373122769280547,-0.7497563977111107,0.47577881841628045,3545
335,0,0,1,1,0,2,3,12.880847,-0.8784425487547213,-0.02350599756152087,-1.202371073282292,3672
336,0,0,1,1,0,2,3,12.265847,-1.006310610431075,-0.11615044366850477,-1.2722312091794654,2908
337,2,0,1,1,2,2,3,13.564153,-0.7699858275661798,1.0524205211786117,-1.4384243222186903,2851
338,2,0,2,1,2,1,2,15.819153,-0.4948076690063569,1.4200287484148237,-1.7441072151238188,3578
339,2,0,3,1,0,2,0,18.9625,-0.11127715130362548,2.298702072052599,0.6504045629839229,2468
340,3,0,3,1,2,2,0,16.81,-0.4560034048623158,2.448141092662146,1.122519493488248,655
341,3,0,4,1,0,1,3,10.899153,-1.3357631716641247,-0.35225893178429774,0.755461097442122,3172
342,3,0,4,1,1,2,3,11.924153,-0.9637186179249277,0.47859304451720736,-1.4558742477281619,3359
343,2,0,3,1,2,2,3,11.275,-1.2776028175270189,-0.8722900825086953,0.6593712611758065,2688
344,2,0,1,1,0,2,3,9.054153,-1.3589929352333465,-0.9978148430283775,-1.6832039393484126,2366
345,2,0,1,1,1,2,3,9.771653,-1.254373053957797,0.29927195806051854,-1.7266558841757589,3167
346,2,0,1,1,2,2,3,11.5825,-1.0644218530172944,-0.2805304972016222,-0.6430627327741315,3368
347,2,0,1,1,2,2,2,13.0175,-0.8359058067433215,0.24846670784560987,-1.7616751974746878,3562
348,2,0,1,1,2,1,2,17.3225,-0.3823913290276066,0.03627247981968074,1.1487590319275065,3528
349,2,0,1,1,0,1,2,15.375,-0.7041456546592281,-0.9230953327236046,1.043814932556353,3399
350,2,0,1,1,0,2,2,10.591653,-1.3822165598587075,-0.48974082234891186,0.7991561831452046,2464
351,2,0,1,1,0,2,3,9.771653,-1.4054954349788158,-0.30742866017012555,-0.23226708786728117,2211
352,2,0,1,1,1,2,3,11.343347,-1.1884592137245162,0.060179567066086584,-0.1884595670771529,3143
353,2,0,1,1,2,2,2,15.819153,-0.4792822799824238,-0.24167520418818694,-1.7530668861227623,3534
354,0,0,1,1,2,2,2,17.561653,-0.285518794904372,1.6441801064856847,0.4932343656801043,2553
355,0,0,1,1,2,1,2,17.356653,-0.29715823246442596,0.9209207820581929,-1.9539855757960096,2841
356,0,0,1,1,0,1,3,15.306653,-0.5955600156496097,0.40985568565662983,1.235952441931342,2046
357,0,0,1,0,0,1,3,12.4025,-1.0760612905773486,-0.621240561469331,0.056199182333995235,856
358,0,0,1,0,0,1,3,11.266103,-1.1944262671572023,0.3743788019120381,-0.43869790768293737,451
359,0,0,1,1,1,2,3,13.191299,-0.9760394782535294,-0.8761849365065345,0.7471268466148695,887
360,0,0,1,1,2,2,2,13.325,-0.9017705354257158,0.9567849993495308,0.030142350911185868,1059
361,0,0,1,1,2,2,3,12.26433,-1.194346460887012,-0.898019071993501,1.5130346595692548,2047
362,0,0,1,1,2,1,3,10.181653,-1.2930729560562049,-0.3940981276763725,-0.9401443415202744,2169
363,0,0,1,1,0,1,3,12.778347,-0.9559221592217271,0.054204588465349625,-0.730382632250893,2508
364,0,0,1,0,0,1,3,16.81,-0.3708255587938819,-0.0952344321441964,0.47572260087275764,1820
365,0,1,0,0,0,1,3,15.17,-0.6071748974342206,0.454685957270802,0.08238250322973122,1608
366,0,1,1,1,2,2,3,11.194763,-1.3642110375150165,-1.7774742355682274,2.0148324530536086,1707
367,0,1,1,1,2,2,3,6.15,-2.1378959933462696,-1.3474909616189208,2.520874671073933,2147
368,2,1,1,1,0,2,2,4.4075,-2.1804879858524164,-1.5387691781205415,-0.022561596141422606,2273
369,2,1,2,1,1,2,3,10.899153,-1.2039354911975628,-0.7527403005897502,-0.7915192108319186,3132
370,2,1,3,1,2,1,3,13.700847,-0.8242111186885203,-0.6242316371914285,-0.2585628438500624,3791
371,3,1,3,1,0,2,3,16.126653,-0.5141207863923959,-0.6989439746527435,-0.1622903005672979,3451
372,3,1,4,1,2,2,3,13.8375,-0.8242663691832675,-1.1771359294850663,0.07359851205429628,2826
373,3,1,4,1,0,1,2,9.190847,-1.3938314416433184,0.5204394132527411,-1.2284279047051017,2270
374,2,1,3,1,0,2,3,12.656536,-0.955836214007676,0.12489296074657598,0.01752151239032113,3425
375,2,1,1,1,2,2,2,11.240847,-1.1768688877153486,1.566476693302273,-0.7741760986551403,2085
376,2,1,1,1,0,1,2,15.6825,-0.5683951890656226,1.246689813402331,-0.07502661863405921,3828
377,0,1,0,1,0,1,3,11.240847,-1.3822718103534548,-0.8722900825086953,2.6956690682721436,3040
378,0,1,0,1,0,2,3,7.38,-1.7891303147271804,-1.230932255422073,0.012335444000344505,2160
379,0,1,0,1,0,2,3,6.833347,-1.9208843278674128,-1.5058888637078431,0.912870219305912,2027
380,0,1,0,0,1,1,3,7.79,-1.7426216760378506,-0.7646974306346821,0.6331879402800705,2081
381,0,1,0,1,2,2,2,15.294763,-0.6768089376471392,0.6238718159209587,2.2884010742213476,2808
382,0,1,0,1,2,2,3,12.436653,-1.2233222759099314,-1.3325499286953493,-0.07491418354701358,3267
383,0,1,0,1,2,1,3,7.79,-1.746458515950843,-0.9440185170913709,0.47577881841628045,3162
384,0,1,0,1,0,1,2,8.9175,-1.5566423717752775,-1.2847285813590796,0.23112006900513232,3048
385,0,1,0,1,0,2,2,7.106653,-1.8395433217119717,1.449917987105425,0.5106899129439282,1234
386,0,1,0,1,0,2,2,6.6625,-1.9170474879544204,1.1988684660660607,0.18738282014440746,1781
387,0,1,0,1,1,2,2,8.951653,-1.4209717124518624,2.0237454637668293,-1.0624737162258482,2287
388,0,1,0,1,2,2,3,14.0425,-0.7699367160152932,1.482791128674665,-0.8789374910098451,3900
389,0,1,0,1,2,2,3,12.060847,-1.1032015613858923,0.1050098386802588,-0.3546526801163779,3803
390,0,1,0,1,2,1,2,14.008347,-0.7273201677337031,1.0075902495644393,-1.5868737730835372,3831
391,0,1,0,1,0,1,2,17.425,-0.36307821164156756,0.8043620758613452,2.197567578274412,3187
392,0,1,0,1,0,2,3,12.949153,-0.909468771027144,-0.615265582868594,0.34466545253527164,3248
393,0,1,0,1,0,2,3,11.5825,-1.2388722207093075,-2.2799606111937027,0.7553486623550764,2685
394,0,1,0,1,1,2,3,11.035847,-1.3008509979278233,-1.6373957756717203,0.41441736966116366,3498
395,0,1,0,1,2,2,3,15.99,-0.572207473203172,-1.523820972353512,1.0612704798201766,4185
396,0,1,0,1,1,2,3,19.235847,-0.0490405384429568,-0.8692990067865979,0.03881390699957479,4275
397,0,1,1,1,2,1,2,16.365847,-0.46383055828482034,0.31422016382754897,0.01239166154386732,3571
398,0,1,1,1,2,1,3,12.846653,-1.0140334018079464,-0.7348081919440812,-0.10975500614525788,3841
399,2,1,1,1,0,2,2,10.830847,-1.2388476649338642,1.079318684147115,-0.9052332469926263,2448
400,2,1,2,1,2,2,2,10.899153,-1.2892115603677692,0.42181281570156226,-0.14489097084699687,2629
401,2,1,3,1,0,1,3,11.586969,-1.0933485564893275,-0.0497514317753221,-0.45684211985491524,3578
402,3,1,3,1,0,2,3,14.520847,-0.6962939454612803,-0.9529845714142053,-0.5470853315948616,4176
403,3,1,4,1,2,2,2,10.523347,-1.277547567032272,0.6728623367409267,-0.7390401339534013,2693
404,3,1,4,1,0,2,3,10.865,-1.3047615051671453,-0.4807747680260774,0.10866420482663183,3667
405,2,1,3,1,1,2,2,11.514153,-1.1109550474820677,-0.6391726701149999,-0.9750413816620414,3604
406,2,1,1,1,2,1,0,9.190847,-1.6185904542744893,0.7326336412786697,1.4544981423761578,1977
407,2,1,1,1,0,2,3,5.2275,-2.289018374367288,-1.180127005207164,-0.07491418354701358,1456
408,0,1,1,1,1,2,3,9.1225,-1.5139460172234969,-1.5626762653669475,-0.26734683502549733,3328
409,0,1,1,1,2,2,2,13.085847,-0.8630153828325614,-0.863324028185861,-0.6342225240551741,3787
410,0,1,1,1,2,2,3,14.281653,-0.7544604385422466,-0.7019350503748409,-0.06613019237157902,4028
411,0,1,1,1,2,1,2,12.983347,-0.8862451464017832,0.8880476404889532,-1.3334844391633007,2931
412,0,1,1,1,0,1,3,14.076653,-0.7544604385422466,0.03925638269832022,0.27463244769176554,3805
413,0,1,1,1,0,2,3,14.213347,-0.7311570076466956,-0.6780279631284352,0.0649831735094298,2883
414,0,1,1,1,0,2,2,11.48,-1.2814335184961507,-0.8125187779709517,0.9389270507287221,2071
415,0,1,1,0,1,1,3,11.48,-1.2347591283225796,-0.8699517355413,0.6012142124014883,2627
416,0,1,1,1,2,2,3,11.800866,-1.1014089897785424,-0.24934297384507467,0.272819431913156,3614
417,0,1,1,1,2,2,3,16.229153,-0.5025304603832281,-0.43892839929054467,0.676939243526676,4379
418,0,1,1,1,2,1,3,18.620847,-0.18466208621548538,-0.534571093963084,0.0647583033353389,4546
419,0,1,1,1,0,1,2,16.7075,-0.39016323195536445,0.7774639128928419,0.7204516222133092,3241
420,0,1,1,1,0,2,3,11.924153,-1.3435166577603002,-1.673259992963058,-0.07491418354701358,2415
421,0,1,1,1,0,2,3,11.445847,-1.265963379966965,-1.5716423196897817,0.2659608916033766,2874
422,0,1,1,1,1,2,3,15.033347,-0.7156316186227625,-0.9918398644276406,1.14863254245458,4069
423,0,1,1,1,2,2,3,14.725847,-0.7428210009821927,-1.673259992963058,0.0999504855806007,4134
424,0,1,0,1,2,2,3,19.919153,0.005184752679384083,-0.09821833502283589,0.5717562195955503,4665
425,0,1,1,1,0,1,2,14.486653,-0.7040412926135947,0.20064536050933968,-0.5818699366495831,2948
426,0,1,1,1,0,1,2,16.980847,-0.3746869544823175,-0.056379139130761154,-0.35454024502933223,3110
427,2,1,1,1,1,2,3,13.359153,-1.0528622217274306,-1.6194636670260516,2.0837832701843015,2713
428,2,1,2,1,2,2,3,9.976653,-1.4325558995171694,-0.8812561368315298,0.5980519755783319,3130
429,2,1,3,1,0,2,3,10.591653,-1.3474026092241786,-1.23690723402281,0.2047680954788279,3735
430,3,1,3,1,1,2,3,16.570847,-0.5489838485778111,-0.8304508866166206,2.2413048271351372,4484
431,3,1,4,1,2,1,3,21.6275,0.3074233757775603,-0.44191947501264217,-0.07491418354701358,4896
432,3,1,4,1,0,2,2,16.844153,-0.47542088429398816,-1.5925655040575482,-0.07491418354701358,4122
433,2,1,3,1,2,2,3,11.7875,-1.207895109987771,-1.9990218514637375,0.5543709442611299,3150
434,2,1,1,1,0,1,3,14.831299,-0.7050971909576503,-1.091370240254561,0.5099169217204897,3253
435,2,1,1,1,0,2,3,19.133347,-0.09168164249999,-1.0037898216291146,0.30087198613102434,4460
436,0,1,1,1,1,2,3,23.165,0.4199195220265009,-0.08327730209926448,0.7117800661249203,5085
437,0,1,1,1,2,2,3,23.4725,0.4548378347066629,-0.8752811582307929,-1.0012809201013,5315
438,0,1,1,1,2,2,3,22.8575,0.35789163325709855,-0.35525000750639524,-0.5118931493495998,5187
439,0,1,1,1,2,1,2,17.869153,-0.2351057879195805,1.527621400288837,-1.0275626216982006,3830
440,0,1,1,1,0,1,2,21.080847,0.18735791174826852,0.9089636520132606,-1.062529933769371,4681
441,0,1,1,1,0,2,2,19.3725,-0.06462117796163667,1.2974950636172395,-0.8351440246055978,3685
442,0,1,1,1,0,2,3,22.345,0.3578670774816554,0.7147015326330008,-0.33714091530903123,5171
443,0,1,1,1,1,2,3,22.994153,0.39293272481447644,1.2825540306936687,-0.9140172381680612,5042
444,2,1,1,1,2,2,2,21.798347,0.23777091873305956,1.3781895525227494,-1.359719761286795,5108
445,2,1,1,1,2,2,3,22.720847,0.35016884188022734,1.449917987105425,-0.9661449553995609,5537
446,2,1,1,1,2,1,2,24.668347,0.586518180520566,0.46664308731573445,-0.9838815903809989,5893
447,2,1,1,1,0,1,2,20.6025,0.07493543282565722,1.8384493987094042,0.09104000493223953,2339
448,2,1,1,1,0,2,2,17.9375,-0.2273768575988483,1.8055690842967047,0.48445037450466977,3464
449,2,1,1,1,0,2,3,18.279153,-0.21962951044653398,-1.0844843105346245,-0.07491418354701358,4763
450,2,1,1,1,1,2,3,13.256653,-0.9753089439340956,-2.4323835346818883,0.012461933473270745,4571
451,2,1,1,1,2,2,3,19.850847,-0.02195551812915995,-1.0605772232882187,1.4808501159024618,5024
452,2,1,1,1,2,2,3,20.260847,0.04774605046622744,-1.362431994542492,1.874077778458443,5299
453,2,1,1,1,2,1,2,15.17,-0.6071748974342206,-0.34628395318356076,-0.6779597729158986,4663
454,2,1,1,0,0,1,2,17.390847,-0.3242493917220834,0.7834388914935784,0.9038613579563866,3934
455,0,1,0,1,2,2,2,17.459153,-0.351389662530627,0.3381272510739543,-0.19729977579611066,3694
456,0,1,1,1,0,2,3,17.790433,-0.2886128226102089,-0.8948988850891545,1.7685152861085383,4728
457,0,1,1,1,0,2,3,19.133347,-0.08007289965924008,-1.6672778415188632,-1.2110988469142039,5424
458,2,1,1,1,2,2,3,22.208347,0.36172847317009105,-1.144262787915826,-0.07491418354701358,5378
459,2,1,2,1,2,1,3,17.835,-0.2662056775183325,-1.8286668193298832,0.4669386096973231,5265
460,2,1,3,1,0,2,3,16.536653,-0.5141944537187252,-1.8077508078055748,1.6033621976244852,4653
461,3,1,3,1,2,2,3,17.9375,-0.29710912091353936,-2.6894080343219895,1.2447364331067767,3605
462,3,1,4,1,0,1,3,20.5,0.10987830128126275,-2.5340012079551646,0.650587270000372,2939
463,3,1,4,1,1,2,3,20.055847,0.012962794551002474,-2.2351303395795306,2.4158181366157336,4680
464,2,1,3,1,2,2,3,18.313347,-0.2350812321441374,-1.392321233233093,0.8864058106925623,5099
465,2,1,1,1,0,2,3,14.296536,-0.8425849776638585,-1.144391899098075,1.5314880682306078,4380
466,2,1,1,1,1,2,3,16.2975,-0.533611933150398,-1.168169875162232,1.4633945686386376,4746
467,2,1,1,1,2,1,3,18.1425,-0.2622460587281245,-1.5835994497347137,-0.4333572410482733,5146
468,2,1,1,1,0,1,3,20.295,0.08268891892183253,-0.9051632240779357,0.06481452087886172,4665
469,2,1,1,1,0,2,3,24.873347,0.6098952787424469,-0.8692990067865979,0.5456431706292181,4286
470,2,1,1,1,0,2,3,27.230847,0.8618989242277947,-0.48375867090471686,1.3846900077067426,5172
471,2,1,1,1,1,2,3,24.941653,0.7609869650441613,-1.7121081131330353,1.2272808858429525,5702
472,2,1,1,1,2,2,2,18.996653,-0.10736050512044269,-0.42996234496771024,-0.2585066263065396,4020
473,2,1,1,1,2,2,3,20.431653,0.11369058541881216,-0.11914151939060225,-1.6918122507003384,5719
474,2,1,1,1,2,1,3,21.593347,0.25322264043066295,0.46962699019437293,-0.5120618019801683,5950
475,2,1,1,1,0,1,3,23.37,0.4198704104756143,0.3859485984102245,1.3672344604429192,4083
476,2,1,1,1,0,2,0,16.263347,-0.5219479398149005,1.4798072257960264,2.2239757693442397,907
477,2,1,1,1,0,2,2,13.188347,-1.0645016592874845,0.9866742380401321,1.6470432289416868,3019
478,2,1,1,1,1,2,3,16.946653,-0.42508154463552644,-1.254839342668479,0.8865182457796079,5115
479,2,1,1,1,2,2,3,19.543347,-0.02584146959303865,-1.4431264834480022,-0.9488580607663055,5541
480,2,1,1,1,2,2,2,20.431653,0.055597759664175114,0.9149458034574566,-0.13605076212803913,4551
481,2,1,1,1,2,1,3,18.7575,-0.1343779970517708,-1.6373957756717203,2.2673616585579466,5219
482,2,1,1,1,0,1,2,15.443347,-0.5956152661443569,-1.000805918750475,-0.791687863462487,3100
483,2,1,1,1,0,2,3,18.791653,-0.14982357980551367,-0.30145368156938857,-0.9753365237655358,4075
484,2,1,1,1,0,2,2,19.030847,-0.10332108006004442,-0.42398736636697326,-0.20613998451506801,4907
485,0,1,0,1,2,1,2,25.146653,0.6292083961284859,0.21857746915500856,-0.42457324987283834,5087
486,0,1,1,1,0,2,3,23.130847,0.38902221757515465,1.204843444666797,-0.6780862623888249,5502
487,0,1,1,1,0,2,2,22.96,0.38500734829019945,0.998624195241605,-0.7393914936004188,5657
488,2,1,1,1,2,2,3,25.7275,0.7145151600179962,0.762522879969271,-0.32841314167711944,5227
489,2,1,2,1,0,1,2,25.488347,0.6757845632002843,0.9149458034574566,-0.46819806364651756,4387
490,2,1,3,1,1,2,2,23.0625,0.4432966202483813,0.7953960215385109,-0.5119493668931226,4224
491,3,1,3,1,2,2,2,22.0375,0.3230040152962402,0.25145778356770787,0.6242352964740675,5265
492,3,1,4,1,0,2,2,23.848347,0.5091920436500802,0.40686460993453183,1.5420991295705333,4990
493,3,1,4,1,2,2,2,23.575,0.48189829924501665,0.8252852602291121,0.4231310889071948,4097
494,2,1,3,1,2,1,3,20.739153,0.10593709932263687,-0.552503202608753,1.795555924542997,5546
495,2,1,1,1,0,2,3,21.866653,0.28427341847852877,-1.927293416881062,0.7115973591084712,5711
496,2,1,1,1,2,2,3,23.130847,0.4315098480356683,-1.0665522018889555,-0.8878479716582058,4807
497,2,1,2,1,0,2,3,25.1125,0.679652097832581,-0.37915709475280107,0.5454745179986497,3946
498,2,1,2,1,0,2,2,23.506653,0.4627140996800541,1.1510471187297906,0.37084877343100725,2501
499,2,1,2,1,1,2,2,25.078347,0.6254206677663795,1.1869113360211283,-0.5469026245784125,4490
500,2,1,2,1,2,2,3,26.103347,0.7455659380658616,0.4935412502842378,-0.896575745290118,6433
501,2,1,2,1,2,2,3,24.326653,0.6021479315901321,-0.782629539280351,0.6067235316667208,6142
502,2,1,2,1,2,1,3,23.130847,0.470209750134076,-0.7587224520339451,-0.6955277552667681,6118
503,2,1,2,1,0,1,3,24.6,0.5671252568643367,-1.2398983097449074,-1.4381896139744828,4884
504,2,1,2,1,0,2,3,25.454153,0.6718495001855195,-0.707910028975578,0.9565653050089946,4425
505,2,1,2,1,0,2,2,24.531653,0.5595068275330984,1.306461117940074,0.6591323366158346,3729
506,2,1,2,1,1,2,2,25.215,0.6525609385749236,0.9806920865959361,-0.9576420519417402,5254
507,2,1,2,1,2,2,2,25.488347,0.6758091189757275,1.0434544668557773,-1.1848593084749452,4494
508,2,1,2,1,2,2,3,26.855,0.8114061109728133,0.6280320651267544,-0.1884595670771529,5711
509,2,1,2,1,2,1,3,27.88,0.9392741726491667,0.8462012717534195,-0.6430627327741315,5317
510,2,1,2,1,0,1,3,28.3925,1.0323835341857386,0.7415996956015042,0.17830368686547823,3681
511,2,1,2,1,0,2,3,28.29,1.024580936538677,0.4875590988400418,0.40568959602925153,3308
512,2,1,2,1,0,2,3,29.2125,1.2570934352660237,0.3381272510739543,0.14357529935427957,3486
513,2,1,2,0,1,1,3,29.6225,1.2183689773921724,0.3978985556116974,1.5332589208515752,4863
514,2,1,2,1,2,2,2,26.923347,0.8385954933322436,0.29329697945978206,-0.7304950673379387,6110
515,2,1,2,1,2,2,3,27.88,0.9626021593201612,-0.9768916586606112,0.1261197520904557,6238
516,0,1,0,1,0,1,2,26.820847,0.8191534581251276,0.9059797491346221,0.7203954046697868,3594
517,0,1,1,1,1,2,3,23.916653,0.5633191116706479,-0.5734192141330613,0.0036076703684323874,5325
518,0,1,1,1,1,2,3,24.7025,0.617618070119318,-0.9739077557819718,-0.031176934686289095,5147
519,2,1,1,1,2,1,3,24.4975,0.6369557432808002,-1.018738027396144,1.3847462252502658,5927
520,2,1,2,1,0,2,2,22.174153,0.3153303354702552,-0.11316654078986528,0.32704125264087935,6033
521,2,1,3,1,2,2,3,22.720847,0.41600901478717867,-0.1281075737134367,-1.5344621572572472,6028
522,3,1,3,1,2,1,3,24.7025,0.5826813406075735,-0.4449105507347396,-0.40694904997844605,6456
523,3,1,4,1,0,2,3,26.615847,0.7571501251311689,-1.1562127451173,-0.15350630939186335,6248
524,3,1,4,1,2,2,3,29.144153,1.0671974848202672,-1.3773802003095217,-0.5905414927379721,4790
525,2,1,3,1,0,1,3,29.793347,1.1602024843112055,-0.6511298001599318,-0.7390401339534013,4374
526,2,1,1,1,1,2,2,29.554153,1.1368990534156544,-0.2954715301251936,0.30087198613102434,5647
527,2,1,1,1,2,2,2,26.786653,0.7572299314013591,1.464859020028996,0.396905604853817,4495
528,2,1,3,1,2,2,3,26.889153,0.8385218260059139,-0.33731789886072633,2.2061688624333984,6248
529,2,1,3,1,2,2,3,26.581653,0.9199610552631277,-0.42697844208907076,0.9476548243606339,6183
530,2,1,3,1,2,1,3,26.205847,0.7687650069157798,-0.28352157292371966,-0.13616319721508474,6102
531,2,1,3,1,0,1,3,25.898347,0.7377878961942432,-0.8961971697551012,-0.2760043367280057,4739
532,2,1,3,1,0,2,3,24.2925,0.5982312854069493,-0.2177681169417811,-0.5818699366495831,4344
533,2,1,3,1,0,2,2,23.301653,0.4316633216321883,1.067368726945642,-0.16245895319786635,4446
534,2,1,3,1,1,2,3,28.221653,1.1060263047397518,0.43675384862513317,-0.5381186334029777,5857
535,2,1,3,1,2,2,3,32.0825,1.5129339206643635,-0.2655894642780508,-1.0188489024521694,5339
536,3,1,3,1,2,2,3,33.039153,1.7067219615178588,-0.43892839929054467,-0.948928332695709,5127
537,3,1,3,1,2,1,3,31.8775,1.5322470380504025,-0.3970892033984699,-0.04867464510775516,4859
538,3,1,3,1,0,1,3,29.998347,1.0943623114042547,-0.6780279631284352,-0.09253838344140589,4801
539,3,1,3,1,0,2,3,30.476653,1.2261163245444866,-1.07551825621179,-0.5731421630176711,4340
540,3,1,3,1,0,2,3,29.349153,1.1020359912302398,-0.8961971697551012,1.6032919256950817,5640
541,3,1,3,1,1,2,3,25.864153,0.7377633404188001,-1.834648970774078,2.267488148030873,6365
542,3,1,3,1,2,2,3,28.5975,1.0206949850747984,-1.9302844926031595,1.2012240544201431,6258
543,3,1,3,1,2,2,3,30.715847,1.233839115921358,-1.4819817764614374,-0.20597133188449956,5958
544,3,1,3,1,2,1,3,34.200847,1.9158819177987674,-1.006780897351212,-0.29357231907887515,4634
545,3,1,3,1,0,1,3,31.365,1.3074818864753712,-0.19983600829611223,-0.3546526801163779,4232
546,0,1,0,1,0,2,3,33.449153,1.6949781619121715,-0.7915955936031854,-0.24983507021815068,4110
547,0,1,1,1,2,2,3,32.048347,1.3966807407726212,-1.305651765726846,0.12595109945988725,5323
548,0,1,1,1,2,2,3,32.014153,1.4004377744154235,-0.9828738101048061,-0.844223157884527,5608
549,2,1,1,0,0,1,3,32.355847,1.5826846008106372,-0.6481387244378343,-0.7217672937060265,4841
550,2,1,2,0,0,1,3,33.9275,1.7608981410893136,-1.2279411796999755,0.1085517697395862,4836
551,2,1,3,1,2,2,3,33.961653,1.7066667110231117,-1.2787536027583428,-0.5644706069292821,4841
552,3,1,3,1,0,1,3,35.328347,2.0282245904511877,-0.9828738101048061,-0.31975563997461076,3392
553,3,1,4,1,1,2,3,33.7225,1.9391055424241281,-0.3970892033984699,-0.85276822449999,3469
554,3,1,4,1,2,1,2,29.144153,1.102109658556569,0.3889325012888629,-0.07491418354701358,5571
555,2,1,3,1,0,2,2,29.554153,1.1680541935091542,0.2753648708141132,-0.4858363179267905,5336
556,2,1,1,1,2,2,3,29.383347,1.078886033931208,0.030290328375485783,-0.4858925354703129,6289
557,2,1,1,1,2,1,3,29.349153,1.1059710542450045,-0.7138921804197729,-0.5555741806668015,6414
558,3,1,3,1,2,1,2,29.998347,1.187312060400446,-1.0277040817189784,-1.4821095698516562,5988
559,3,1,3,1,0,1,2,28.836653,1.175703317559696,0.5025073046070723,-0.5990865593534351,4614
560,3,1,3,1,0,2,3,30.579153,1.4160675254849895,0.6369981194495888,-0.2760043367280057,4111
561,3,1,3,1,0,2,3,31.296653,1.5322715938258458,0.11397589300309324,-0.3108592137121306,5742
562,3,1,3,1,1,2,3,33.551653,1.7260043841845938,-0.8842472125536273,-1.0101773463637802,5865
563,3,1,3,1,2,2,3,32.526653,1.6640010511906353,-0.3731821161520641,-0.6867437640913332,4914
564,3,1,3,1,2,2,3,31.57,1.4740559891939935,-0.20581098689684918,-0.29340366644830673,5703
565,3,1,3,1,2,1,2,27.299153,0.8502349308922976,1.5425696060558676,0.3184961860254163,5123
566,3,1,3,1,0,1,0,24.429153,0.46278776700638335,1.6949925295440529,0.3793938400464703,3195
567,3,1,3,1,0,2,2,27.3675,0.9122382638862564,0.9567849993495308,-1.2984075028822608,4866
568,3,1,3,1,0,2,3,30.408347,1.3228844966220883,0.46664308731573445,-0.6693022712133903,5831
569,3,1,3,1,1,2,3,30.784153,1.4237657610864176,0.18570432758576877,0.3534494437107062,6452
570,3,1,3,1,2,2,3,29.690847,1.102109658556569,-1.2847285813590796,-0.3022438751672641,6790
571,3,1,3,1,2,2,3,31.843347,1.6252029259904548,-0.23270914986535252,1.384465137532652,5825
572,3,1,3,1,2,1,3,32.048347,1.5942258152689188,-0.24765735563238192,-0.46819806364651756,5645
573,3,1,3,0,0,1,3,30.989153,1.3694606636938873,-0.11316654078986528,-0.40694904997844605,4451
574,3,1,3,1,0,2,3,29.588347,1.187312060400446,-0.03844703048509227,-0.22359553177889188,4444
575,3,1,3,1,0,2,3,29.964153,1.2920056090023246,0.28433092513694763,-0.4594140724710826,6065
576,3,1,3,1,1,2,3,29.246653,1.1563902001736561,0.53837152189841,-0.29345988399182954,6248
577,0,1,0,1,0,2,3,29.4175,1.1834752204874535,0.34709330539678873,-0.6342225240551741,6506
578,0,1,1,1,2,2,3,30.8525,1.4276824072696004,0.21857746915500856,-0.8004156370943991,6278
579,0,1,1,1,2,2,2,31.399153,1.5245488024489744,0.09604378435742435,0.41441736966116366,5847
580,2,1,1,1,0,2,3,32.526653,1.6988948080953543,-0.11316654078986528,1.0000074117662248,4479
581,2,1,2,1,1,2,3,31.535847,1.5749618094337658,0.1677722189400999,1.4632821335515926,3757
582,2,1,3,1,2,1,2,30.8525,1.4470691919819696,0.17972934898503232,-0.8004156370943991,5780
583,3,1,3,1,0,2,2,30.169153,1.3695650257395207,0.535380446176312,-0.9753365237655358,5995
584,3,1,4,1,2,2,2,30.75,1.431543802958036,0.31422016382754897,-1.0625861513128938,6271
585,3,1,4,1,0,1,3,30.989153,1.3811492128048275,-0.06235411773149812,-0.42451703232931554,6090
586,2,1,3,1,0,2,2,29.349153,1.1873673108951932,0.6220499136825585,0.7379633870206562,4721
587,2,1,1,1,2,2,2,28.3925,1.0051941518263088,0.7445907713236022,0.28352887395424575,4052
588,2,1,1,1,0,1,3,28.734153,1.0439431654756022,-0.707910028975578,-0.896575745290118,4362
589,3,1,4,1,0,2,3,29.554153,1.1524489982150303,-0.6003173771015646,-0.7040306587245889,5676
590,3,1,4,1,1,2,3,29.793347,1.2416171577929762,0.4128467613787278,-0.24099486149919294,5656
591,3,1,4,1,2,2,3,28.973347,1.1020052965109357,-0.06833626917569308,-0.23237952295432682,6149
592,3,1,4,1,2,2,3,29.485847,1.1060017489643086,-0.7886045178810879,-0.6255509679667848,6267
593,3,1,4,1,2,1,3,29.656653,-1.425011137512261,-0.4180123877662363,0.633131722736548,5665
594,3,1,4,1,0,1,3,27.811653,0.8812120416138337,-0.18489497537254082,-0.11859521486421525,5038
595,3,1,4,1,0,2,2,26.069153,0.7920929935867743,0.5921678478354166,-1.4034050089197612,3341
596,3,1,4,1,0,2,2,26.069153,0.7455168265149754,0.7535568256464366,-0.7916316459189642,5504
597,3,1,4,1,1,2,3,26.615847,0.7765676045628412,0.3201951424282854,-1.5956577642589718,5925
598,3,1,4,1,2,2,3,27.3675,0.9044356662391949,0.34410222967469073,-1.630618049137202,6281
599,3,1,4,1,2,2,3,28.529153,0.9974652215055765,0.04822243702115467,-1.4294646512197469,6402
600,3,1,4,1,2,1,2,28.8025,1.0594194429486488,-0.10120941074493336,-1.6044417554344066,6257
601,3,1,4,1,0,1,2,27.128347,0.8850488815268263,0.6011339021582511,0.8165976760231478,4224
602,3,1,4,1,0,2,2,26.786653,0.7456948558869385,1.5545195632573403,0.5980519755783319,3772
603,3,1,4,1,0,2,3,28.836653,1.1060017489643086,0.7266586626779332,-0.8091434107263108,5928
604,3,1,4,1,1,2,3,29.861653,1.1757524291105823,-0.0653451934535956,0.06492695596590735,6105
605,3,1,4,1,2,2,3,28.085,0.989638068083072,-0.552503202608753,-1.0364168848030386,6520
606,3,1,4,1,2,2,3,28.973347,1.0942825051340643,-0.2775394214795247,-1.534578808660057,6541
607,3,1,4,1,2,1,3,31.330847,1.3190967682599821,-0.29846260584729106,-0.24977885267462785,5917
608,0,1,0,1,1,2,2,30.886653,1.4004623301908665,0.06615454566682355,-1.027632893627604,3788
609,0,1,1,1,2,1,2,28.563347,1.0710834362841466,1.3333592809085772,-1.7179309214210232,3197
610,0,1,1,1,2,1,3,29.0075,1.1486121583020379,1.1600131730526249,-0.49449381962929884,4069
611,2,1,1,0,0,1,3,29.759153,1.3036757412816826,0.9029886734125241,0.7029398574059629,5997
612,2,1,2,1,2,2,3,30.203347,1.4393157058857942,0.8043620758613452,0.021119435175779064,6280
613,2,1,3,1,0,1,2,28.563347,1.1099368119790736,1.3004861393393374,-0.6167669767913503,5592
614,3,1,3,1,0,2,3,28.836653,1.121447331718051,0.7684978585700075,-0.2060275494280224,6459
615,3,1,4,1,2,2,2,27.025847,0.838546381781357,1.2197916504338275,1.3323374203011515,4419
616,3,1,4,1,0,2,3,25.01,0.640896945239426,-0.5853763441779932,0.536746744366738,5657
617,2,1,3,1,1,2,3,23.916653,0.5594270212629082,-0.8991882454771987,1.0176456660464974,6407
618,2,1,1,1,2,1,3,23.6775,0.48967634111663505,-0.782629539280351,-1.324641419567167,6697
619,2,1,1,1,0,2,3,24.565847,0.5865672920714522,-0.3731821161520641,-0.7653921074797058,6820
620,3,1,4,1,2,2,3,25.1125,0.6447828967033051,0.05718849134398911,-1.4558166247460511,6750
621,3,1,4,1,2,1,3,25.966653,0.7339510562812507,0.31122908810545097,-1.1586759875792094,6630
622,3,1,4,1,0,1,3,24.941653,0.6835134935210165,-0.9141292784007701,0.860348979269753,5554
623,3,1,4,1,0,2,3,23.78,0.5439016322389755,-0.42398736636697326,-1.3509357701113605,5167
624,3,1,4,1,0,2,2,23.814153,0.4820517728415362,0.756540728525075,-0.4857660459973867,5847
625,3,1,4,1,1,2,2,25.556653,0.555823461216626,1.7457977797589617,2.40725901561439,3702
626,3,1,4,1,2,2,3,22.6525,0.40441868877801085,-0.6630797573614057,0.40574581357277434,6803
627,3,1,4,1,2,2,3,22.413347,0.35400568179321984,-0.07730232349852752,-0.9576420519417402,6781
628,3,1,4,1,2,1,3,24.565847,0.5982067296315062,0.28433092513694763,-0.45081278831209715,6917
629,3,1,4,1,0,1,3,26.65,0.8346604303174783,0.12593302304802567,1.367178242899396,5883
630,2,1,4,1,0,2,3,21.695847,0.2726094251430317,-1.162194896561495,0.5193474146464365,5453
631,2,1,4,1,0,2,3,21.080847,0.1718079669488923,-0.9768916586606112,-0.6170059013513222,6435
632,2,1,4,1,1,2,3,22.55,0.4275932018524859,-0.42398736636697326,0.7029398574059629,6693
633,2,1,4,1,2,2,3,26.035,0.7494825842490443,0.012358219729816898,0.8164852409361022,6946
634,2,1,4,1,2,2,2,26.65,0.819233264395318,0.4427288272258696,-0.7303123603214896,6642
635,2,1,4,1,2,1,2,25.385847,0.6834889377455735,0.43675384862513317,-0.3109716487991762,6370
636,2,1,4,1,0,1,3,22.2425,0.34236624423316586,-0.6182494857472335,0.5804277756839396,5966
637,2,1,4,1,0,2,3,21.593347,0.26481296643983077,-0.3283518445378919,-0.7216548586189813,4874
638,0,1,0,1,2,2,2,21.354153,0.23004812735618835,0.14386513169369455,-1.3422094019180366,6015
639,0,1,1,1,0,1,0,24.224153,0.41626071148547106,1.7398228011582253,-1.1500747034202237,4324
640,0,1,1,1,0,1,2,26.9575,0.7649527227782303,1.1809363574203917,-1.6831463163663014,6844
641,2,1,1,1,1,2,2,26.9575,0.819233264395318,0.6728623367409267,-0.9663698255736521,6437
642,2,1,2,1,2,2,3,25.215,0.6486442923917408,-0.011548867516588948,-1.1237227298939196,6640
643,2,1,3,1,0,2,3,22.720847,0.39285905748814715,0.25145778356770787,1.1485201073675344,4934
644,3,1,3,1,1,2,2,17.049153,-0.3358826903382768,0.5682535877455518,-0.634461448615146,2729
645,3,1,4,1,2,1,2,15.716653,-0.5335873773749545,0.5772196420683863,0.047415191158560674,4604
646,3,1,4,1,0,2,2,18.313347,-0.22354615662971677,0.9508100207487943,0.05614296479047241,5791
647,2,1,3,1,2,2,3,21.080847,0.1756693626373279,0.012358219729816898,0.02130214219222812,6911
648,2,1,1,1,0,1,3,17.835,-0.26618112174288944,-1.1890930595299982,-0.06618640991510184,6736
649,2,1,1,1,0,2,3,17.9375,-0.25449257263194924,-0.6451476487157368,0.6856670171585877,6222
650,2,1,3,1,0,1,3,16.126653,-0.5103330580302896,-0.9649417014591373,-0.5644706069292821,4857
651,2,1,3,1,0,2,3,21.388347,0.2067446964606368,0.08110275143385345,1.2973138906864583,4559
652,2,1,3,1,0,2,2,23.028347,0.3967204531765827,0.5622786091448153,1.542211564657579,5115
653,2,1,3,1,1,2,3,19.201653,-0.08398340689856189,-0.5076729309945808,-0.0574024187396669,6612
654,2,1,3,1,2,2,3,18.689153,-0.1499033860757035,0.4576770329929,-1.1936995171939027,6482
655,2,1,3,1,2,2,2,21.4225,0.23388496726918084,0.7117104569109028,0.7115973591084712,6501
656,2,1,3,1,2,1,2,23.096653,0.38902221757515465,1.3333592809085772,-0.7217110761625037,4671
657,2,1,3,1,0,1,3,19.850847,-0.010340636344549048,-0.4030641819992069,-0.9664963150465784,5284
658,2,1,3,1,0,2,3,19.030847,-0.11109912193166283,-0.8543579738630265,-0.2846196752728722,4692
659,2,1,3,1,0,2,3,19.9875,0.05166269664940979,-0.4359444964119052,-1.473208927273412,6228
660,2,1,3,1,1,2,3,22.310847,0.342415355784052,0.0900688057566879,-1.2896235117068262,6625
661,2,1,3,1,2,2,3,24.0875,0.5168657234760653,0.05121351274325214,-1.595539707417574,6898
662,2,1,3,1,2,2,2,22.55,0.3386337663658067,1.228757704756662,-0.870392424394382,6484
663,2,1,3,1,2,1,2,22.379153,0.29604177385965924,1.2765718792494727,-0.7566643338477936,6262
664,2,1,3,1,0,1,2,21.73,0.2492814384720371,0.6519391523731597,0.6940996486870051,5209
665,2,1,3,1,0,2,2,19.5775,-0.041471220662605154,0.46962699019437293,-0.07491418354701358,3461
666,2,1,3,1,0,2,0,18.04,-0.2156391969370219,1.7995941056959683,2.4158743541592567,20
667,2,1,3,1,1,2,2,13.045462,-1.0105771764143228,1.408351359264765,0.375304013755188,1009
668,2,1,3,1,2,2,2,14.6575,-0.6963185012367235,0.2693898922133767,-0.2760043367280057,5147
669,0,1,0,1,2,2,2,14.999153,-0.6420379596196358,-0.3403018017393658,-0.40700526752196886,5520
670,0,1,1,1,0,2,3,14.555,-0.7273692792845893,-0.7676885063567795,1.122519493488248,5229
671,0,1,1,1,0,2,2,14.076653,-0.9250187158265202,-0.988848788705543,1.1837122896127965,4109
672,2,1,1,1,2,2,3,13.359153,-0.8900758473709147,-0.689977920329909,-0.10115372198627237,3906
673,2,1,2,1,2,1,3,13.085847,-1.021835999455008,-0.9679256043377767,0.7029960749494854,4881
674,2,1,3,1,0,2,3,11.514153,-1.1845671233167767,-0.4449105507347396,-0.17978801098876399,5220
675,3,1,3,1,2,2,2,12.129153,-1.2272082273738103,-0.5853763441779932,1.6556445131006727,4709
676,3,1,4,1,0,1,3,14.439134,-0.8142414738586002,-2.1205226468033316,2.270200644505847,4975
677,3,1,4,1,1,2,3,14.828347,-0.7312306749730249,-0.6331976915142629,0.39707425748438546,5283
678,2,1,3,0,2,1,3,15.955847,-0.4947340016800272,0.11696696872519123,-1.8054194735283533,4446
679,2,1,1,1,0,2,3,17.254153,-0.3242186970027793,0.21559356627637008,-0.8264724685172085,4562
680,2,1,1,1,1,2,3,19.885,0.005258420005713368,0.8073531515834432,-0.17973179344524115,5172
681,2,1,1,1,1,2,2,14.076653,-0.9288309999640696,0.24249172924487342,2.188839804642501,3767
682,2,1,1,1,2,2,3,11.855847,-1.1845916790922197,-0.552503202608753,0.18720011312795842,5122
683,2,1,1,1,2,2,2,13.188347,-0.9210529580924512,-0.06235411773149812,-0.468268335575921,5125
684,2,1,1,1,2,1,3,14.145,-0.7816252651262338,-0.7497563977111107,-0.2147553230599345,5214
685,2,1,1,1,0,1,3,13.325,-0.9094442152517009,-0.6003173771015646,-0.09242594835436026,4316
686,2,1,1,1,0,2,3,14.0425,-0.8396873961615667,0.4576770329929,0.5805402107709852,3747
687,2,1,1,1,0,2,2,15.614153,-0.6071748974342206,-0.041438106207189754,0.6853156575115706,5050
688,2,1,1,1,1,2,2,15.340847,-0.5761977867126845,0.40088963133379535,-1.4557575963253522,5100
689,2,1,1,1,2,2,3,14.486653,-0.6730396261166155,-0.1101754650677678,-1.1673475436675986,4531
690,2,1,1,1,2,2,3,13.94,-0.7621832299191179,-0.34926785606220023,-1.8753400432848133,1470
691,2,1,1,1,2,1,3,15.101653,-0.5877881127218523,-0.4329534206898077,-0.5380624158594548,2307
692,2,1,1,1,0,1,3,11.411653,-1.3860779555471434,-1.6104976127032171,2.6782837929377235,1745
693,2,1,1,1,0,2,3,10.079153,-1.3318035528739165,-1.1532288422386605,-0.5032215932612105,2115
694,2,1,1,1,0,2,3,12.846653,-0.8319646047846956,-0.6720458116842402,-1.9627695669714442,4750
695,2,1,1,1,1,2,2,11.958347,-1.1846223738115238,1.1301311072054832,0.7203813502839058,3836
696,2,1,1,0,2,1,3,12.163347,-1.134258478377619,-0.8812561368315298,0.34455301744822603,5062
697,2,1,1,0,2,1,3,11.51567,-1.0810952245431948,-0.5269033243061964,-0.9948159025961799,5080
698,2,1,1,1,2,1,3,12.231653,-0.9248897980054438,0.146849034572333,-1.7966354823529183,5306
699,0,1,0,1,2,1,2,12.231653,-0.9676352641081105,1.2735879763708342,-1.7793008028076682,4240
700,0,1,1,1,0,2,2,14.2475,-0.7079333830213344,1.3931305854463205,-0.8703362068508596,3757
701,0,1,1,1,0,2,3,18.5525,-0.11498507339554152,0.9926492166408686,-1.4558166247460511,5679
702,2,1,1,1,2,2,3,19.509153,-0.033594955689213946,0.7505657499243386,-0.17113050928625528,6055
703,2,1,2,1,0,1,3,17.971653,-0.2855494896236756,-1.0336790603197152,1.9355094991429629,5398
704,2,1,3,1,1,2,3,10.489153,-1.327991268736367,-0.863324028185861,-0.1623465181108207,5035
705,3,1,3,1,2,2,2,13.154153,-0.936609041835688,0.9687421293944632,-0.7829038722870524,4659
706,3,1,4,1,0,2,2,15.648347,-0.5219233840394574,2.0237454637668293,-1.1935870821068573,4429
707,3,1,4,1,2,2,2,15.750847,-0.5180067378562746,1.9819062678747552,-0.39816505880301145,2787
708,2,1,3,1,2,1,2,17.869153,-0.2391206572045361,2.1223720613180084,0.05625539987751805,4841
709,2,1,1,1,0,2,2,14.486653,-0.8358996677994605,-0.23270914986535252,1.542211564657579,5219
710,2,1,1,1,2,2,2,12.1975,-1.087749839688289,-0.6511298001599318,-0.3284271960630001,5009
711,2,1,1,1,2,2,3,12.129153,-1.107087512849771,-1.0277040817189784,-0.17113050928625528,5107
712,2,1,1,1,2,1,3,11.548347,-1.107062957074328,0.09903486007952235,-0.7740636635680946,5182
713,2,1,1,1,0,1,3,13.290847,-0.835776888922245,0.15283118601652898,-1.1237227298939196,4280
714,2,1,1,1,0,2,2,14.8625,-0.642062515395079,1.5037143130424317,-1.2025397259128603,3248
715,2,1,1,1,0,2,2,16.126653,-0.44830516926088765,1.993856225076228,-1.2374466041247438,4373
716,2,1,1,1,1,2,3,16.844153,-0.3979167180515397,0.2663988164912787,0.4932905832236271,5124
717,2,1,1,1,2,2,3,13.6325,-0.8125778200723268,-0.026489900440160353,-0.03110666275688567,4934
718,2,1,1,1,2,2,2,13.53,-0.8552127851854995,0.27835594653621115,-0.7567205513913164,3814
719,0,1,1,1,2,1,2,13.393347,-1.0605604573288587,-0.5196228881960546,2.643316480866553,3402
720,0,1,1,1,0,1,3,10.899153,-1.4636066775650352,-1.3474909616189208,-0.07491418354701358,1544
721,0,1,1,1,0,2,3,10.079153,-1.3202132268647488,-0.8155026808495912,-0.7480068321452853,1379
722,0,1,1,0,0,1,2,9.483464,-1.3237185638092586,1.1633915823214689,-1.532980824985422,746
723,0,1,1,0,1,1,2,11.943464,-1.1053870254003328,0.7579752972167293,-0.24706635619965361,573
724,0,1,1,1,2,2,0,9.976653,-1.56047921168827,1.3931305854463205,1.8304529646847638,432
725,0,1,1,1,2,2,2,10.420847,-1.5217486148705583,0.1707632946621979,2.3024976232596854,1867
726,0,1,1,1,2,1,2,10.386653,-1.3473780534487356,-0.2805304972016222,-0.4333572410482733,2451
727,0,1,1,1,0,1,2,10.386653,-1.425011137512261,0.8880476404889532,-0.8702799893073367,1182
728,0,1,1,1,0,2,3,10.489153,-1.4906978368226926,-1.0456361903646472,2.3112253968915972,1432
729,0,1,1,0,0,1,2,8.849153,-1.5411169827513447,-0.37019104042996664,-0.4421412322237078,2290
