,instant,yr,holiday,workingday,atemp,hum,windspeed,registered,weekday,weathersit_map,season_map
0,1,0,1,0,-0.4563991203197833,0.855581878146651,-0.20890882308794095,654,1,1,0
1,2,0,0,1,-0.4928625107770049,0.33272231572101857,0.6875500863711644,670,4,1,0
2,3,0,0,1,-1.098989843105253,-0.900337429414364,0.6852095422964299,1229,4,2,0
3,4,0,0,0,-1.0152007634960376,-0.17063232580936002,-0.21043526487581127,1454,7,2,1
4,5,0,0,1,-0.9519523091605695,-0.9018429386969482,0.060294450620880104,1518,2,2,1
5,6,0,0,1,-0.9374237541321458,-0.5144887402436686,-0.9302115902724953,1518,5,2,1
6,7,0,0,0,-1.0273097368797173,-0.607701680477094,-0.12464923639749573,1362,7,1,2
7,8,0,0,1,-1.1991332291364107,-0.4307709898842639,0.8734198147408484,891,3,1,2
8,9,0,0,0,-1.3690903977463962,-0.9151352516666011,1.8416520170656192,768,6,2,2
9,10,0,0,1,-1.2410554318409202,-0.682877094938797,0.4303751739507619,1280,1,2,1
10,11,0,0,1,-1.0913954549855465,0.2863993196622606,-0.5988027608243804,1220,4,1,1
11,12,0,0,0,-1.205702245766424,-0.12722982718802056,1.2583171996916585,1137,6,2,1
12,13,0,0,0,-1.2410738737741882,-0.7424304684587467,1.221407837260953,1368,6,2,0
13,14,0,0,0,-1.1026487226655972,-0.421275800010243,-0.5538643145894762,1367,7,2,0
14,15,0,0,1,-0.882455727833949,-0.6074444099034877,-0.23417652281648874,1026,1,1,0
15,16,0,1,0,-0.9337058603853443,-0.6789084581274275,0.0758946856929156,953,2,2,0
16,17,0,0,1,-1.145588920086493,-0.42282895199164344,0.13271902531603696,883,3,1,0
17,18,0,0,1,-0.9406547808406758,1.1215901227156817,-0.34802872763444764,674,4,1,0
18,19,0,0,1,-0.6968929952926968,0.5502207643556386,0.2782398090930136,1572,5,1,0
19,20,0,0,0,-0.8568657012314603,-0.4188603151802739,0.1519216630074464,1844,6,1,0
20,21,0,0,0,-1.2154395865318564,-0.8059572430599474,1.7530369831404506,1468,7,2,0
21,22,0,0,1,-1.50594945988188,-1.077916060711091,-0.09163738866515202,888,1,2,0
22,23,0,0,1,-1.4330318999340705,-0.9039153960954425,0.6678182821932935,836,2,2,0
23,24,0,0,1,-1.3626172791693756,-0.640846706043357,-0.2304418285754991,1330,3,2,0
24,25,0,0,1,-0.9325661489093904,-0.04427436000967136,-0.5208117617427894,1799,4,1,0
25,26,0,0,1,-1.0466331945577858,1.1255587595270509,1.1486474453724647,472,5,0,0
26,27,0,0,0,-0.9872501694352621,0.2918115302477539,-0.6832149916936125,416,6,2,0
27,28,0,0,0,-0.9739092749092889,0.7946468663610385,-0.5869168674361628,1129,7,1,0
28,29,0,0,1,-1.0151860099494232,0.12143647501200015,-0.36237728044042944,975,1,2,0
29,30,0,0,1,-0.8743043933295529,0.4570078241222129,-1.0887844689636224,956,2,2,0
30,31,0,0,1,-1.1106267029972754,-0.1071960723359096,0.06326592396793458,1459,3,1,0
31,32,0,0,1,-0.9325513953627761,0.9686475309766874,-1.3001417046793073,1313,2,1,0
32,33,0,0,1,-0.8592004499831719,0.7106718454280282,0.8480198233906848,1454,5,1,0
33,34,0,0,1,-1.1415058760609877,-0.8977027881698413,0.9848297126982145,1489,5,2,0
34,35,0,0,1,-0.9544714772449598,-0.19549228605152782,-0.5407267389352051,1620,1,1,1
35,36,0,0,1,-0.9010968339811064,1.4431783397234104,-0.20246723874312772,905,3,1,1
36,37,0,0,0,-0.7217932935909672,-0.27593221873239443,-0.3986557135988154,1269,6,2,1
37,38,0,0,1,-0.677580602774589,0.5339936611389222,-1.3795645061579207,1592,1,2,2
38,39,0,0,1,-1.066380816701015,-0.42084225145101795,1.8416520170656192,1466,4,2,2
39,40,0,0,0,-1.2654172256877692,-0.6263442685237791,0.0800262547987513,1552,7,1,2
40,41,0,0,1,-1.2459978699567078,-0.8997752455683355,0.41682037087447305,1491,2,2,1
41,42,0,0,1,-1.010084971207532,-0.5711692590250158,-0.7370169765767508,1597,5,2,1
42,43,0,0,0,-0.938364292728807,-0.3910655646910431,0.22786723009329096,1184,7,2,1
43,44,0,0,1,-0.6021346537757555,-0.804489847936416,0.8131660692343115,1192,2,2,0
44,45,0,0,1,-0.32831989377446436,-1.193054170939621,2.411096214169959,1705,3,2,0
45,46,0,0,1,-0.8597278892746328,-1.4859853046095501,1.1234509795940175,1675,4,2,0
46,47,0,0,1,-0.6313208573654777,-0.9660605324309806,0.7206433443321946,1897,5,2,0
47,48,0,0,0,-0.2165322710779771,-0.5776677231435129,0.4999503906418943,2216,6,2,0
48,49,0,0,0,0.09080254683098452,-0.5220829864349326,0.8542985872781251,2348,7,2,0
49,50,0,0,1,-0.35393942747018176,-2.088336710009612,3.3224328429215073,1103,1,2,0
50,51,0,1,0,-0.7746884465898561,-1.0406308846177208,0.43004953303601634,1173,2,2,0
51,52,0,0,1,-0.7498102786115071,-0.10124073498391463,1.2910746404593574,912,3,1,0
52,53,0,0,1,-1.1114270829011008,-0.2309336897007205,0.14967270543998412,1376,4,2,0
53,54,0,0,1,-0.8912894138692561,-0.9681329898294749,-0.8839319105199824,1778,5,2,0
54,55,0,0,0,-0.730940492491828,0.3389349236466195,0.7074650635635803,1707,6,1,0
55,56,0,0,0,-0.5049530422274167,0.4093651253062531,1.6848253877798156,1341,7,1,0
56,57,0,0,1,-0.7567555106801848,-0.42084225145101795,0.056946454966151056,1545,1,2,0
57,58,0,0,1,-0.5025629676759015,0.25607950613578406,-0.5670934767510194,1708,2,2,0
58,59,0,0,1,-0.32179882617094746,1.1916105971654973,1.1062734213411825,1365,3,1,0
59,60,0,0,1,-0.8243009354670653,-0.4347396266956334,0.36074907586670085,1714,3,2,0
60,61,0,0,0,-0.617043112629497,-0.8416892671719174,1.2909423488377418,1903,6,2,0
61,62,0,0,0,-1.059420831085723,-1.4669996891313901,0.45568357879365295,1562,6,2,0
62,63,0,0,1,-0.8545457060263628,-0.07543268503530924,0.22765352824298904,1730,2,1,1
63,64,0,0,1,-0.40050530897153963,0.776180556299973,0.7214574466190588,1437,4,1,1
64,65,0,0,0,-0.4467097285808472,1.5341473088426036,1.651732129818786,491,7,1,1
65,66,0,0,1,-0.918052347427581,-0.35706297054609243,1.632041030755258,1628,2,2,2
66,67,0,0,1,-0.6822205931847838,-0.9786620262678019,-0.6138840056885396,1817,5,2,2
67,68,0,0,1,-0.7404675952180069,0.7106718454280282,0.3986557135988154,1700,1,1,2
68,69,0,0,1,-0.3750960133150758,-2.983624013349484,0.8232812901485991,577,3,0,1
69,70,0,0,0,-0.6726307878854941,0.11107895228941059,0.5291156050688044,1730,6,1,1
70,71,0,0,1,-0.5960967648238564,-0.15087013434049992,0.4050158877149422,1408,1,2,1
71,72,0,0,1,-0.395666145682052,-0.47099095622469717,0.9120896733668981,1435,2,2,0
72,73,0,0,1,-0.5730443482390258,-0.6159867458011893,-0.4482548954260172,1687,3,2,0
73,74,0,0,1,-0.6240252285647107,0.14007906305868528,0.0339277128050658,1767,4,1,0
74,75,0,0,1,-0.44420900242972483,0.7159363636471912,0.2253231604468403,1871,5,1,0
75,76,0,0,0,-0.2841219565047005,-0.11116470914727912,0.29108227266829656,2320,6,2,0
76,77,0,0,0,0.14622424468757061,-0.4813484789472868,0.509241332990732,2355,7,2,0
77,78,0,0,1,-0.07686413366713214,-1.1771700951543802,1.9049179410335537,1693,1,2,0
78,79,0,0,1,-0.5960967648238564,-0.7265511569433873,0.27217474705587524,1424,2,2,0
79,80,0,0,1,-0.28632761172353693,0.5295057189104587,1.097084241778203,1676,3,1,1
80,81,0,0,1,-0.17233064542155954,-0.007942037892620442,0.4556428736793097,2243,4,2,1
81,82,0,0,1,-0.5511390199034565,1.0162902297926473,0.5422531807230754,1918,5,1,1
82,83,0,0,0,-0.7986518946781193,0.855581878146651,0.6391924105314309,1699,6,1,1
83,84,0,0,0,-0.8522109572746512,-0.6253104219594727,0.5062698596436775,1910,7,2,1
84,85,0,0,1,-0.847567278477803,-1.1057060469304405,0.2910008624396101,1515,1,2,1
85,86,0,0,1,-0.8742416907564422,-0.6304891833207674,0.03383612629779359,1221,2,1,1
86,87,0,0,1,-0.8475562133178423,-1.5439855261480997,0.3177950039560282,1806,3,2,1
87,88,0,0,1,-0.7172307593004976,-1.486847637458119,0.4683225167972197,2108,4,2,1
88,89,0,0,1,-0.7008469457853268,0.09727209817254545,-0.08229556492338533,1368,5,1,1
89,90,0,1,0,-0.8475525249311887,1.391562239826199,0.3731743120199657,1506,6,0,1
90,91,0,0,1,-0.7521007667233757,0.2858561928957589,0.7910326633101906,1920,4,1,0
91,92,0,0,0,-0.6333974190514392,0.1310174217438895,0.16456060101101316,1354,7,1,0
92,93,0,0,0,-0.40054956961138244,-0.6967744701834124,0.012598232889223536,1598,7,2,0
93,94,0,0,1,0.20494336021245133,-0.9528539763191964,2.0820258935408615,2381,3,2,1
94,95,0,0,1,-0.32831989377446436,0.07543268503530891,2.107425884891025,1628,5,1,1
95,96,0,0,1,-0.3679405432071443,-0.7404485321880028,0.8353503565513609,2395,1,2,1
96,97,0,0,1,-0.19795017911727691,-0.11116470914727912,-0.18991988724683317,2570,3,2,2
97,98,0,0,0,-0.6007847042605479,1.0004966751351563,0.46828181168287647,1299,6,1,2
98,99,0,0,1,-0.5378977118171298,1.1970228077509906,-0.4873623340312565,1576,2,1,2
99,100,0,0,1,-0.22361766183949075,1.101737410119071,-0.3481101378631341,1707,4,1,1
100,101,0,0,0,0.287150121947284,0.4321478638800451,1.460285800784082,2493,7,1,1
101,102,0,0,1,0.020985075865503022,0.5379670622201738,0.9555932643212043,1777,2,1,1
102,103,0,0,1,-0.2584876692623689,0.9191086527478524,0.7086963932724623,1953,5,1,1
103,104,0,0,0,-0.09081730037759851,-0.408931576747028,-0.7151379776172753,2738,6,2,1
104,105,0,0,0,-0.16764270598486844,0.2143921446718192,0.4620030477954365,2484,7,2,1
105,106,0,0,1,-0.22820970322318893,1.2486341433783195,1.6265051352045814,674,1,0,1
106,107,0,0,1,-0.15368953927440207,-0.6987611707240379,1.246807828611116,2186,2,2,1
107,108,0,0,1,0.058208273973360675,-0.3990076025836635,-0.17714865762165094,2760,3,2,1
108,109,0,0,1,0.006983960128540446,0.1885840947232135,-0.23409511258780227,2795,4,1,1
109,110,0,0,1,0.2841072029580862,-0.057566672979324315,0.6202441798046661,3331,5,2,1
110,111,0,0,0,-0.12345952226171857,-1.0441707371397466,1.4682640031953516,3444,6,2,1
111,112,0,0,0,-0.6100978805608194,0.49230629967495737,0.3922548343683457,1506,7,1,1
112,113,0,0,1,-0.13736842833234217,1.246652207107576,0.5062698596436775,2574,1,1,1
113,114,0,0,1,0.2375265679101141,0.879403227554631,0.11397432016098859,2481,2,1,1
114,115,0,0,1,0.32138941525240117,0.7166271827800231,0.04434822207692752,3300,3,2,1
115,116,0,0,1,0.393619091089319,0.490324363404214,1.480902941198918,3722,4,2,1
116,117,0,0,1,0.323757359483995,0.9965280383237871,1.3353821574219416,3325,5,1,1
117,118,0,0,0,0.33772527974107536,0.35533354057907285,1.4239971913471101,3489,6,1,1
118,119,0,0,0,0.037247172621105884,-0.8059572430599474,0.6012959490779018,3717,7,2,1
119,120,0,0,1,-0.0860998538476789,-0.5856097610361333,0.5505366714919189,3347,1,2,1
120,121,0,0,1,-0.1444390655472413,0.6471450708268268,-0.7593640843511732,2213,5,1,0
121,122,0,0,1,0.16770540855797916,0.49429300021558314,0.025226994614204565,3554,1,1,0
122,123,0,0,1,0.34934369769983015,0.3374675285230879,1.6454228370955881,3848,1,1,0
123,124,0,0,1,-0.30508305785695505,0.5280383237869273,1.5063029325490815,2378,4,1,1
124,125,0,0,0,-0.16762795243825418,-0.8674925528506413,1.1643392669517723,3819,6,2,1
125,126,0,0,1,-0.04886190219320673,-0.17270478320785435,0.48104286502947297,3714,2,2,1
126,127,0,0,1,0.09315573751596379,-0.4049629399356585,-0.20886811797359772,3102,4,2,2
127,128,0,0,0,0.11643683407331615,0.025808049948605374,-1.0821200241177802,2932,7,2,2
128,129,0,0,1,0.1397216190173217,-0.17866012055984934,-0.05062698596436781,3698,3,2,2
129,130,0,0,1,0.1304084427170502,-0.6531004081788221,-0.6645516967672507,4109,5,2,1
130,131,0,0,1,0.15135479052269074,0.031763387300600354,-0.6139654159172261,3632,1,2,1
131,132,0,0,1,0.132776386948644,0.5776677231435129,0.0884522134677959,4169,3,2,1
132,133,0,0,0,0.025580805635854884,1.12952739633842,-0.012720348232253239,3413,7,1,1
133,134,0,0,1,0.048924604766317714,1.4114149524228097,-0.46836322191156293,2507,1,1,1
134,135,0,0,1,0.17938652908984468,1.1473934083944048,-0.2848950952881285,2971,2,1,1
135,136,0,0,1,0.23291239620649454,0.7702252189479779,-0.550577376606262,3185,3,2,1
136,137,0,0,1,0.18871445893673042,1.008438713027777,0.9807795538210653,3445,4,1,1
137,138,0,0,1,0.14677381429895314,1.1612907836390207,0.20878670774491123,3319,5,1,1
138,139,0,0,0,0.08622525899390035,0.9687332878345556,-0.7404463824601663,3840,6,1,1
139,140,0,0,0,0.15372273475428452,0.44466360085899753,-0.5694849022186831,4008,7,2,1
140,141,0,0,1,0.31207623895212944,0.0019867005406254646,-0.6138840056885396,3547,1,2,1
141,142,0,0,1,0.32138941525240117,0.587591697306877,-0.33548137613815304,3084,2,2,1
142,143,0,0,1,0.3796511708322386,0.8754345907432618,0.5379893199956243,3438,3,1,1
143,144,0,0,1,0.4331954798821562,0.5459043358429122,0.2657738678254055,3833,4,1,1
144,145,0,0,1,0.4727681802883399,0.33349889171171876,-0.2721340419415323,4238,5,2,1
145,146,0,0,0,0.6171537642291045,0.2441688314317941,0.1899605923611764,3919,6,2,1
146,147,0,0,0,0.5519430881939357,0.1310174217438895,0.6075645366867561,3808,7,2,1
147,148,0,0,1,0.4611018133030889,0.49230629967495737,0.4998282752988646,2757,1,2,1
148,149,0,1,0,0.4727976873815684,0.9171219522072266,0.3354406710238098,2433,2,2,1
149,150,0,0,1,0.6776580588943142,0.279900855543764,-0.5062698596436775,2549,3,2,1
150,151,0,0,1,0.8779042587034405,0.04962939935658529,-0.7087370983868054,3309,4,2,1
151,152,0,0,0,0.8616163432412622,0.2421821308911683,0.2657738678254055,3461,6,1,0
152,153,0,0,1,0.57751836124981,-1.5305216994627093,1.132741921942855,4232,2,2,0
153,154,0,0,1,0.36798480384698734,-1.2962768421942796,0.7341777948513117,4414,2,2,0
154,155,0,0,1,0.3958800721079593,-0.809925879871317,-0.5885247194527197,3473,5,2,1
155,156,0,0,0,0.4774229242451488,0.12506208439189453,-0.43028358744349,3221,7,1,1
156,157,0,0,1,0.4960640303923063,-0.12506208439189453,-0.6012043625706296,3875,3,2,1
157,158,0,0,1,0.6218085081859134,-0.13498605855525903,0.06953451157678885,4070,5,2,2
158,159,0,0,1,0.8848974397986147,-0.019852712596610398,-0.4493641097918697,3725,1,2,2
159,160,0,0,1,0.9966555554018734,-0.27593221873239443,-0.31640085378977334,3352,4,1,2
160,161,0,0,0,0.7964241091393615,-0.10124073498391463,-0.41133535671672544,3771,6,2,1
161,162,0,0,1,0.7032775925900313,0.1349860585552587,-0.265855278054092,3237,2,2,1
162,163,0,0,1,0.5752426266845555,0.5796544236841387,-0.17714865762165094,2993,4,2,1
163,164,0,0,1,0.42154386644351943,-0.6272971225000982,1.265674649109194,4157,3,2,1
164,165,0,0,1,0.3842616541492047,-0.5677437489801483,0.8986468093550529,4164,4,2,1
165,166,0,0,1,0.37027529195885617,-0.7364751311067518,-0.13293272716633886,4411,5,2,1
166,167,0,0,0,0.39827752343278156,0.2957801670591231,0.25945439882362226,3222,6,1,1
167,168,0,0,0,0.41685592700682833,0.5220829864349322,-0.3861490672168641,3981,7,2,1
168,169,0,0,1,0.5775626218896528,0.21042350786045003,-0.6265229436921064,3312,1,2,1
169,170,0,0,1,0.5845410494382127,0.1925574958044651,-0.8036716013137576,3105,2,1,1
170,171,0,0,1,0.39827752343278156,0.5717123857915178,-0.25949510393796554,3311,3,1,1
171,172,0,0,1,0.5542962788789152,0.6868504960200482,-0.10125397192873561,4061,4,1,2
172,173,0,0,1,0.7615209062366013,0.38709692787967354,-0.08866591531809782,3846,5,2,2
173,174,0,0,0,0.7615356597832156,0.36724421528306284,0.5884840143383764,4044,6,1,2
174,175,0,0,0,0.624143256937625,-0.2521108693244145,0.41773623594719517,4022,7,2,2
175,176,0,0,1,0.5751983660447126,-0.680895158668053,0.2910008624396101,3420,1,2,2
176,177,0,0,1,0.5542335763058045,-0.5379670622201734,-0.8796548206303696,3385,2,2,2
177,178,0,0,1,0.5519283346473214,0.15285207061124362,-0.7468065565762929,3854,3,1,2
178,179,0,0,1,0.7568329667999097,0.037718724652595334,-0.37338801387026765,3916,4,2,2
179,180,0,0,1,0.6171537642291045,-0.6114130467148573,0.8227114185477944,4377,5,2,2
180,181,0,0,0,0.5519430881939357,-0.9151352516666011,0.04413452022662561,4488,6,2,2
181,182,0,0,0,0.6078368995421793,-1.095782072767076,-0.7974844239335895,4116,7,2,0
182,183,0,0,1,0.6637012037971944,-0.8655106165798973,-0.6707490504260045,2915,3,2,0
183,184,0,0,1,0.6683743896872713,0.267990180839774,0.48727074752398425,2367,3,1,0
184,185,0,1,0,0.6567264646352882,0.05558473670858027,-1.0124969789172948,2978,6,1,1
185,186,0,1,0,0.7707750683504152,-0.1707180826672289,-0.5568154353793588,3634,1,2,1
186,187,0,0,1,0.7312908892239176,0.5578150105469021,-0.31640085378977334,3845,4,2,1
187,188,0,0,0,0.735857111901041,0.11910674703989955,-0.22158846620585096,3838,6,2,2
188,189,0,0,1,0.6754118314222882,0.6272971225000985,0.44932340467752646,3348,2,1,2
189,190,0,0,1,0.6520827858384399,-0.08138802238730422,-0.13293272716633886,3348,5,2,2
190,191,0,0,0,0.7474902834064097,-0.22828951991643462,0.025399991350163242,3138,7,2,1
191,192,0,0,1,0.8942106160988861,0.045655998275334356,1.0314879500141194,3363,3,2,1
192,193,0,0,1,0.9291433260948747,-0.31960151646710333,0.19618847485568772,3596,5,2,1
193,194,0,0,1,0.745199795294541,0.025808049948605374,-0.3545618984865331,3594,5,2,2
194,195,0,0,0,0.5449204000055328,-0.7146404822393974,0.6074424213437267,4196,6,2,2
195,196,0,0,0,0.5053329460527349,-0.16674944585585938,0.018907525612421046,4220,7,2,2
196,197,0,0,1,0.5565720134441697,-0.19652613261583426,0.2784942160576588,3505,1,2,2
197,198,0,0,1,0.673014380097466,-0.10520937179528414,0.651872053649341,3296,2,2,2
198,199,0,0,1,0.7987588578910729,0.11910674703989955,0.3544296068649176,3617,3,2,2
199,200,0,0,1,0.959402850200787,0.11513811022853038,-0.5126300337598043,3789,4,2,2
200,201,0,0,1,0.9570828549956897,0.38511022733904776,-0.6834185172653287,3688,5,2,2
201,202,0,0,0,1.2503870500744598,0.30967754230373884,0.41769553083285194,3152,6,1,2
202,203,0,0,0,1.3039608662176063,-0.21836078148318872,-0.4871893372952978,2825,7,2,2
203,204,0,0,1,1.168932719216956,-0.6014890725514928,-0.5063105647580207,2298,1,2,2
204,205,0,0,1,1.1340479582474636,-0.3593069416603241,-0.12012079242681342,2556,2,2,2
205,206,0,0,1,0.86158314776138,0.6233237214188468,-0.917561458362484,3272,3,2,2
206,207,0,0,1,0.7731393241953559,-0.40694964047628396,0.19622917997003095,3840,4,2,2
207,208,0,0,1,0.7498582276380035,-1.0640186854664755,0.025318581121476773,3901,5,2,2
208,209,0,1,0,0.9314485677533577,-0.2044681705084547,-0.025399991350163242,3784,6,2,2
209,210,0,0,0,1.1013614757235004,-0.3990076025836635,-0.06957521669113209,3176,7,2,2
210,211,0,0,1,0.8895374302088093,-0.7642698815959826,-0.1265725530502124,2916,1,2,2
211,212,0,0,1,0.8941811090056576,-0.6928058333720429,-0.16446901450374093,2778,2,2,2
212,213,0,0,1,0.7964241091393615,-0.3593069416603241,-0.24685616593439874,3537,1,2,0
213,214,0,0,1,0.8103625223032133,-0.6431764340154577,0.25313492982183877,4044,4,2,0
214,215,0,0,1,0.7102818388451666,0.14888343379987445,-0.46192163756675003,3107,4,1,0
215,216,0,0,0,0.6544064694301909,0.6253104219594727,0.1646013061253564,3777,7,1,1
216,217,0,0,1,0.6240842427511679,0.021834648867354447,0.03786593261777133,3843,2,2,1
217,218,0,0,1,0.6963286721347,0.6133997472554827,0.4810835701438162,2773,5,1,1
218,219,0,0,0,0.8406847489822362,0.6034757730921185,0.20873582635198226,2487,7,2,2
219,220,0,0,1,0.7963909136594792,-0.16278080904448985,0.11397432016098859,3480,3,2,2
220,221,0,0,0,0.873249514746631,-0.26600348029914855,-0.3038026209005498,3695,6,2,2
221,222,0,0,1,0.7288934378990953,-0.962777950482561,0.19622917997003095,3896,1,2,1
222,223,0,0,1,0.6054726436972392,-0.9647646510231864,-0.16464201123969963,3980,4,2,1
223,224,0,0,0,0.6147710664508964,-1.0064520124871512,-0.563297724838515,3854,6,2,1
224,225,0,0,1,0.5845853100780559,0.49230629967495737,0.31016279501667626,2646,1,1,2
225,226,0,0,1,0.5053956486258457,0.9111666148552316,0.4239234133273632,2482,2,1,2
226,227,0,0,1,0.47507342194682295,0.4089315767470277,0.2847220985521698,3563,3,2,2
227,228,0,0,1,0.5845078539583305,-0.22828951991643462,0.563297724838515,4004,4,2,2
228,229,0,0,1,0.6613517014988686,-0.24218213089116863,-0.37965660147912217,4026,5,2,2
229,230,0,0,0,0.6450748511966514,0.1349860585552587,0.5315375593722254,3166,6,2,2
230,231,0,0,0,0.5379751679368551,0.4605476766442391,-0.4240149998346354,3356,7,1,2
231,232,0,0,1,0.5961594673969677,0.22828951991643495,-0.7785667220425826,3277,1,2,2
232,233,0,0,1,0.6940086769296027,0.6848637954794224,0.689737986267112,2624,2,2,2
233,234,0,0,1,0.5565388179642875,-0.7444171689993723,0.9746330815552405,3925,3,2,2
234,235,0,0,1,0.4378207167457365,-0.8138945166826865,-0.34815084297747734,4614,4,2,2
235,236,0,0,1,0.5286472380899693,-0.10124073498391463,0.7340455032296963,4181,5,2,2
236,237,0,0,0,0.5845705565314417,0.6928058333720433,0.30384332601489306,3107,6,1,2
237,238,0,0,0,0.6357616748963795,0.6431764340154577,-0.9872262263051713,3893,7,2,2
238,239,0,0,1,0.5465875507729477,1.066005386007101,1.9807312164977828,889,1,1,2
239,240,0,0,1,0.5923346104372125,-0.30722394331471703,1.2586428406064043,2919,2,2,2
240,241,0,0,1,0.444795455907643,-0.3414409296043392,-0.2152282920897242,3905,3,2,2
241,242,0,0,1,0.3959095792011878,-0.3712176163643141,-0.5695357836116121,4429,4,2,2
242,243,0,0,1,0.456461822892894,-0.13498605855525903,-0.9936291407913583,4370,5,2,2
243,244,0,0,1,0.4704776921764711,0.061540074060575246,-0.39869641871315864,4332,2,2,0
244,245,0,0,1,0.43317703794888845,0.4803956249709674,-0.4176955308328522,3852,5,1,0
245,246,0,0,1,0.5379456608436265,0.4307709898842642,0.04426681184824105,2549,5,2,0
246,247,0,1,0,0.656770725275131,0.5518596731949071,0.259413693709279,2419,1,2,1
247,248,0,0,1,0.5100356390360403,0.7821358936519679,0.32280173302024306,2115,3,1,1
248,249,0,0,0,0.10266808669552852,1.2420785080212438,1.658407768571072,2506,6,0,1
249,250,0,0,1,0.20973826286209593,1.3856069024742041,-0.8543413276481857,1878,1,0,2
250,251,0,0,1,0.25079738308966937,1.4927172179522454,0.11980532779065356,1689,4,0,2
251,252,0,0,0,0.33778798231418605,1.294294905923536,-0.5759366628420821,3127,7,1,2
252,253,0,0,1,0.44481020945425725,0.6074444099034877,-0.2784942160576588,3595,2,2,1
253,254,0,0,1,0.4494833953443341,0.41687361463964845,-0.6708304606546908,3413,5,2,1
254,255,0,0,0,0.42329953849062024,0.31407972767433345,-0.9368485591661557,4023,7,2,1
255,256,0,0,1,0.4285518010853081,0.41091827728765346,-0.3986150084844722,4062,4,2,2
256,257,0,0,1,0.5146608758996207,0.3374675285230879,-0.13916060966085017,4138,5,2,2
257,258,0,0,0,0.24456400964513128,0.39503896577229436,0.9176052163604033,3231,6,1,2
258,259,0,0,0,-0.09549048626767535,-0.1707180826672289,-0.17088007001279668,4018,7,1,2
259,260,0,0,1,-0.032651442850754026,0.43870826350700254,0.08853362369648238,3077,1,1,2
260,261,0,0,1,0.01170140665846006,0.32754355435972377,-0.025359286235820008,2921,2,2,2
261,262,0,0,1,0.1560574835059961,0.30372220495174385,-0.2974831518987663,3848,3,1,2
262,263,0,0,1,0.1654333623793783,1.2148888198069754,-0.4683225167972197,3203,4,1,2
263,264,0,0,1,0.23298985232621952,1.3042188800869001,-0.8606160210241915,3813,5,1,2
264,265,0,0,0,0.24932940520154737,1.3141428542502642,-0.5378163232596657,4240,6,1,2
265,266,0,0,0,0.12821016427152065,1.6496284465026088,-1.0441706460156053,2137,7,1,1
266,267,0,0,1,0.2841809706911578,1.1255587595270509,-1.044001719791081,3647,1,1,1
267,268,0,0,1,0.3145179509167948,1.042184036599121,-1.3289792429357548,3466,2,1,1
268,269,0,0,1,0.37502593396865824,1.0580633481144803,-0.7151379776172753,3946,3,1,1
269,270,0,0,1,0.32148162491874044,1.2347415324035862,-0.6391110003027444,3643,4,1,1
270,271,0,0,1,0.323816373670452,1.060050048655106,-0.32916190713636984,3427,5,1,1
271,272,0,0,0,0.321433675892244,0.3473962669563345,-0.0823464463163143,4186,6,2,1
272,273,0,0,0,0.21195129485423975,0.10124073498391463,0.25949510393796527,4372,7,2,1
273,274,0,0,1,-0.27479033827116106,0.6074444099034877,1.1328335084501273,1949,3,1,0
274,275,0,0,0,-0.5239261031733957,0.7880912310039628,0.4176141206041657,2302,6,1,0
275,276,0,0,0,-0.35157148323858795,0.6411897334748318,-0.9935019373090358,3240,6,1,0
276,277,0,0,1,-0.053505580990055056,0.3990076025836635,0.253175634936182,3970,2,2,1
277,278,0,0,1,0.1467000465658816,0.10322743552454043,-0.03790663773211457,4267,4,2,1
278,279,0,0,0,-0.02559555918246914,-0.025808049948605374,-0.4683225167972197,4126,7,2,1
279,280,0,0,1,0.06284826438355531,0.27593221873239476,-1.6137878398559038,4036,2,2,2
280,281,0,0,1,0.09544622562783259,0.3573202411196987,-1.3796062289001223,3174,5,2,2
281,282,0,0,1,0.1350631866738591,0.4823823255115932,-1.1959671407964465,3114,1,2,2
282,283,0,0,1,0.20492860666583682,0.5121590122715681,-1.4111526925161104,3603,3,2,1
283,284,0,0,0,0.2166244807443166,0.8694792533912667,-0.38601677559524866,3896,6,1,1
284,285,0,0,1,0.11195175590257148,1.333995566846875,0.6835915140012871,2199,1,0,1
285,286,0,0,0,0.23767779176291062,1.288339568571541,-0.3987880052204309,2623,6,1,1
286,287,0,0,0,0.1560574835059961,0.4287842893436384,0.4366437615596165,3115,7,1,1
287,288,0,0,1,0.04190191657791504,-0.680895158668053,0.7846724891940644,3318,1,2,1
288,289,0,0,1,0.05823778106658919,-0.6650110828828121,1.025178657290922,3293,2,2,1
289,290,0,0,1,0.08616255642078963,-0.22233418256443965,-0.056946454966151056,3857,3,2,1
290,291,0,0,1,0.1304084427170502,0.35930694166032445,-0.7213760363903722,4111,4,1,1
291,292,0,0,1,0.09768138793989779,1.2814313772432264,0.6346334377249908,2170,5,0,1
292,293,0,0,0,-0.07686413366713214,0.047642698815959825,2.455536022754159,3724,6,2,1
293,294,0,0,0,-0.23520288431836306,-0.2481374682431636,0.41133535671672544,3628,7,2,1
294,295,0,0,1,-0.22820970322318893,0.01389737524461542,-0.8986498622386286,2809,1,2,1
295,296,0,0,1,-0.23986131666182567,0.547891036383538,-0.8289850942959414,2762,2,2,1
296,297,0,0,1,-0.1117488946366248,0.6947877696427867,-0.6327915313009609,3488,3,2,1
297,298,0,0,1,-0.08848255162588695,-0.01587931151535947,-0.14569378051293536,3992,4,2,1
298,299,0,0,1,-0.05354984162989809,0.44863700194024914,-0.32902961551475435,3490,5,1,1
299,300,0,0,0,-0.11182635075634977,0.8893319659878776,0.17083936489845344,2419,6,1,1
300,301,0,0,0,-0.6216867914263453,-0.19255749580446477,0.4935902165257675,3291,7,1,1
301,302,0,0,1,-0.956957449849468,1.2208441571589705,1.7339971659064137,570,1,0,1
302,303,0,0,1,-0.6124031222193024,-0.011910674703989956,-0.04434822207692752,2446,2,2,1
303,304,0,0,1,-0.48429070019410153,0.36724421528306284,-0.7594047894655164,3307,3,2,1
304,305,0,0,1,-0.3329746377312735,0.273945518191769,-0.4620437529097797,3658,4,2,0
305,306,0,0,0,-0.35862736690687286,0.44069496404762837,-1.0062640082834906,3816,7,2,0
306,307,0,0,0,-0.30039511842026395,0.36128887793106784,-0.4493641097918697,3656,7,2,0
307,308,0,0,1,-0.3097230482671499,-0.017866012055984933,0.9240468007052159,3576,3,1,1
308,309,0,0,1,-0.6030899459190309,-0.5101723117309427,0.08229556492338533,2770,5,2,1
309,310,0,0,1,-0.4610723062098601,0.5161276490829373,-0.9048828328724327,2697,1,2,1
310,311,0,0,1,-0.31902147102080713,0.6312657593114677,-1.2593144749930674,3662,3,2,2
311,312,0,0,0,-0.2770660728364154,0.45459233929224413,-1.1391071841982745,3829,6,2,2
312,313,0,0,1,-0.28874719336828086,0.6292790587708419,-1.20873022939876,3804,2,2,2
313,314,0,1,0,-0.4191611686653111,0.8913139022586208,0.0823464463163143,2743,4,1,1
314,315,0,0,0,-0.6659289893359522,-0.8575685786872768,1.3605684469218027,2928,7,2,1
315,316,0,0,1,-0.47736022167203807,-0.34937820322707824,0.31634997239684437,2792,2,2,1
316,317,0,0,1,-0.2095538435294172,-0.8000019057079525,1.025219362405265,2713,2,2,1
317,318,0,0,1,0.13738318187895643,-0.18660215845246977,1.2783542922271038,3891,3,2,1
318,319,0,0,1,0.07455889200864935,0.2977668675997489,0.18986900585390418,3746,4,1,1
319,320,0,0,1,-0.1304822104501215,1.4471469765347795,-0.44924199444884,1672,5,0,1
320,321,0,0,0,-0.6054246946707424,-0.24020019462042458,1.2657967644522239,2914,6,1,1
321,322,0,0,0,-0.7916882206761737,-1.0302733618951312,-0.12661325816455563,3147,7,2,1
322,323,0,0,1,-0.6007699507139334,-0.5915650983881283,0.4428818203327135,2720,1,2,1
323,324,0,0,1,-0.11178209011650674,0.27791415500313815,0.05062698596436781,2733,2,1,1
324,325,0,0,1,-0.15602797641276733,1.35186157890286,-0.4367760531812319,2545,3,0,1
325,326,0,0,1,-0.24221081896015148,1.601985747686649,-0.6327915313009609,1538,4,0,1
326,327,0,1,0,-0.20960179255591366,0.6272971225000985,1.5757967390115268,2454,5,1,1
327,328,0,1,0,-0.42377165198227723,-0.36724421528306317,-0.13911990454650694,935,6,2,1
328,329,0,0,0,-0.3935268814229795,0.08337472292792969,-0.8352608052998058,1697,7,2,1
329,330,0,0,1,-0.3772389659608018,0.26402154402840483,-1.145382895202139,1819,1,2,1
330,331,0,0,1,-0.11642208052670164,0.3434228658750829,0.2847220985521698,2261,2,2,1
331,332,0,0,1,0.010170726197227338,0.5564333722812395,-0.3953789518941871,3614,3,2,1
332,333,0,0,1,-0.1327431914687615,0.9746886251865505,0.7847640757013363,2818,4,1,1
333,334,0,0,1,-0.6496853345136172,-0.061540074060575246,0.9177273317034327,3425,5,2,1
334,335,0,0,1,-0.6705874216794149,-0.48436902605221865,0.39873712382750187,3545,5,2,0
335,336,0,0,1,-0.5751356634716017,-0.0019867005406254646,-0.8163512444316676,3672,1,2,0
336,337,0,0,1,-0.6519610690788716,-0.0635220103313193,-0.8669344723981164,2908,1,2,0
337,338,0,0,1,-0.5099729364629296,0.7126537816987716,-0.9872689666752317,2851,4,2,1
338,339,0,0,0,-0.34464100471652453,0.9568226131305656,-1.2086030259164375,3578,6,1,1
339,340,0,0,1,-0.11420904853455781,1.5404456736260734,0.5251773852560988,2468,2,0,1
340,341,0,0,1,-0.3213267126792902,1.6397044723392447,0.8670189355103787,655,4,0,2
341,342,0,0,0,-0.8499020272295147,-0.22034748202381418,0.6012450676849729,3172,7,2,2
342,343,0,0,1,-0.6263710424763829,0.331512191171093,-0.9999038341673641,3359,3,2,2
343,344,0,0,1,-0.814958252073565,-0.5657570484395229,0.5316698509938408,2688,5,2,1
344,345,0,0,1,-0.8638588823266344,-0.6491317713674526,-1.1645051402927207,2366,1,2,1
345,346,0,0,1,-0.8010013969764452,0.2124054441311934,-1.1959671407964465,3167,3,2,1
346,347,0,0,1,-0.6868753371415927,-0.17270478320785435,-0.4113760618310687,3368,4,2,1
347,348,0,0,1,-0.5495788323489953,0.17866012055984934,-1.2213233741486909,3562,5,1,1
348,349,0,0,0,-0.27709926831629755,0.037718724652595334,0.8860180476300719,3528,6,1,1
349,350,0,0,0,-0.47041498960336015,-0.5995023720108673,0.8100317754298844,3399,7,1,1
350,351,0,0,1,-0.8778120490371008,-0.31166424284436434,0.6328831178082331,2464,1,1,1
351,352,0,0,1,-0.8917984112274492,-0.1905707952638393,-0.11393361504664562,2211,2,2,1
352,353,0,0,1,-0.761399189477033,0.0535980361679548,-0.08221415469469885,3143,3,2,1
353,354,0,0,1,-0.3353130748696385,-0.14689673325924898,-1.2150904035148864,3534,4,1,1
354,355,0,0,1,-0.21889652692291744,1.10570604693044,0.4113760618310687,2553,5,1,0
355,356,0,0,0,-0.2258897080180916,0.6253104219594727,-1.360568446921803,2841,6,1,0
356,357,0,0,0,-0.4051748064749628,0.2858561928957589,0.949151679976391,2046,7,2,0
357,358,0,1,0,-0.6938685182367669,-0.3990076025836635,0.09493450292695209,856,1,2,0
358,359,0,1,0,-0.764984301304306,0.262292114061385,-0.2634027949149136,451,2,2,0
359,360,0,0,1,-0.6337736344901037,-0.5683440469852294,0.595210534483592,887,3,2,0
360,361,0,0,1,-0.5891515327551788,0.6491317713674526,0.07606768242887428,1059,4,1,0
361,362,0,0,1,-0.7649363522778094,-0.5828464845048076,1.1497770122954887,2047,5,2,0
362,363,0,0,0,-0.8242529864405688,-0.2481374682431636,-0.6264822385777634,2169,6,2,0
363,364,0,0,0,-0.6216867914263453,0.04962939935658529,-0.47460128068466,2508,7,2,0
364,365,0,1,0,-0.2701503478609662,-0.04962939935658529,0.39869641871315864,1820,1,2,0
365,366,1,1,0,-0.4121532340235227,0.31563287965573383,0.11389290993230239,1608,2,2,0
366,367,1,0,1,-0.8669940109821714,-1.1669888504174093,1.513110862922983,1707,5,2,0
367,368,1,0,1,-1.33183769254531,-0.8813899280952567,1.8795179496833903,2147,5,2,0
368,369,1,0,1,-1.3574277191477986,-1.0084387130277768,0.03790663773211457,2273,1,1,1
369,370,1,0,1,-0.7706976122306902,-0.4863509623229627,-0.5188680925329011,3132,3,2,1
370,371,1,0,0,-0.542552455773939,-0.40099430312428896,-0.13297343228068212,3791,6,2,1
371,372,1,0,1,-0.3562446691286648,-0.45061893821099286,-0.06326592396793458,3451,1,2,2
372,373,1,0,1,-0.5425856512538212,-0.7682385184073521,0.10753273581617563,2826,4,2,2
373,374,1,0,0,-0.8847904765856606,0.35930694166032445,-0.8352180649297456,2270,7,1,2
374,375,1,0,1,-0.6216351540131954,0.09658127903971345,0.06692938425882348,3425,2,2,1
375,376,1,0,1,-0.7544355154750874,1.0540947113031112,-0.5063105647580207,2085,5,1,1
376,377,1,0,0,-0.3888536955329026,0.8416892671719177,-8.141022868646821e-05,3828,7,1,1
377,378,1,0,0,-0.8778452445169829,-0.5657570484395229,2.0060803264550167,3040,7,2,0
378,379,1,0,1,-1.1222930699825264,-0.803970542519322,0.06317433746066237,2160,1,2,0
379,380,1,0,1,-1.201453224341508,-0.9865992998905408,0.7152193878459614,2027,2,2,0
380,381,1,1,0,-1.0943498526950584,-0.49429300021558314,0.5127114439884904,2081,3,2,0
381,382,1,0,1,-0.4539906038350002,0.4280077133529382,1.7111921255956302,2808,4,1,0
382,383,1,0,1,-0.7823455372826734,-0.8714659539318922,2.385869219555754,3267,5,2,0
383,384,1,0,0,-1.0966550943535414,-0.6133997472554827,0.39873712382750187,3162,6,2,0
384,385,1,0,0,-0.9826101790250674,-0.8397025666312918,0.22158846620585096,3048,7,1,0
385,386,1,0,1,-1.152582101181667,0.9766753257271764,0.4240149998346354,1234,1,1,0
386,387,1,0,1,-1.199147982683025,0.809925879871317,0.18991988724683317,1781,2,1,0
387,388,1,0,1,-0.9010968339811064,1.357816916254855,-0.7150565673885888,2287,3,1,0
388,389,1,0,1,-0.5099434293697008,0.9985099745945305,-0.5821645453365931,3900,4,2,0
389,390,1,0,1,-0.7101748756322127,0.08337472292792969,-0.20254864897181418,3803,5,2,0
390,391,1,0,0,-0.484338649220598,0.6828770949387967,-1.0947559092377712,3831,6,1,0
391,392,1,0,0,-0.2654956039041573,0.547891036383538,1.6454228370955881,3187,7,1,0
392,393,1,0,1,-0.5937767696187591,-0.395038965772294,0.3038026209005498,3248,1,2,0
393,394,1,0,1,-0.7916882206761737,-1.5007450127027344,0.6011636574562864,2685,2,2,0
394,395,1,0,1,-0.8289261723306456,-1.0739474238997215,0.3543074915218879,3498,3,2,0
395,396,1,0,1,-0.39114418364477144,-0.9985099745945308,0.8226707134334509,4185,4,2,0
396,397,1,0,1,-0.07681618464063594,-0.5637703478988975,0.0823464463163143,4275,3,2,0
397,398,1,0,0,-0.3260294056625956,0.22233418256443999,0.0632150425750056,3571,6,1,0
398,399,1,0,0,-0.6566010594890663,-0.4744402876189728,-0.025226994614204565,3841,6,2,0
399,400,1,0,1,-0.7916734671295593,0.7305197937547565,-0.6012043625706296,2448,2,1,1
400,401,1,0,1,-0.8219329912354714,0.29379823078837974,-0.05066769107871104,2629,4,1,1
401,402,1,0,0,-0.7042550150532281,-0.019419164037385327,-0.2765403705691846,3578,7,2,1
402,403,1,0,1,-0.4656975430734405,-0.6193550846074777,-0.34188225536862304,4176,2,2,2
403,404,1,0,1,-0.8149250565936829,0.4605476766442391,-0.4808698682935143,2693,5,1,2
404,405,1,0,1,-0.8312756746289716,-0.30570890549236934,0.13292255088775312,3667,1,2,2
405,406,1,0,1,-0.7148333079756752,-0.41091827728765346,-0.6517499383063111,3604,3,1,1
406,407,1,0,0,-1.0198296887462714,0.5002483375675781,1.107392811985621,1977,6,0,1
407,408,1,0,1,-1.4226347067963139,-0.7702252189479776,2.32260329558782,1456,1,2,1
408,409,1,0,1,-0.956957449849468,-1.0243180245431363,-0.13933360639680886,3328,3,2,0
409,410,1,0,1,-0.5658667478111733,-0.559801711087528,-0.40497518260059895,3787,4,1,0
410,411,1,0,1,-0.5006450066160436,-0.4526056387516183,0.006360174116126484,4028,5,2,0
411,412,1,0,0,-0.579823602908293,0.6034757730921185,-0.9112857473586197,2931,6,1,0
412,413,1,0,0,-0.5006450066160436,0.03970066092333938,0.25309422470749554,3805,7,2,0
413,414,1,0,1,-0.48664389087908105,-0.43672632723625887,0.10129467704307858,2883,1,2,0
414,415,1,0,1,-0.8172598053453944,-0.5260563875161836,0.7340862083440398,2071,2,1,0
415,416,1,1,0,-0.7892170016182799,-0.5642038964581225,0.4895604102057898,2627,3,2,0
416,417,1,0,1,-0.7090978667293695,-0.1519897377626749,0.2517814847699271,3614,4,2,0
417,418,1,0,1,-0.3492809951267192,-0.2779141550031385,0.544390199226094,4379,5,2,0
418,419,1,0,0,-0.1583000225913682,-0.3414409296043392,0.1011318565857059,4546,6,2,0
419,420,1,0,0,-0.281768765819721,0.530025024327553,0.5758959577277386,3241,7,1,0
420,421,1,0,1,-0.8545604595729772,-1.0977687733077013,2.449094438409346,2415,1,2,0
421,422,1,0,1,-0.8079650709783909,-1.0302733618951312,0.2468154608200555,2874,2,2,0
422,423,1,0,1,-0.47731596103219504,-0.6451631345560831,0.8859264611227994,4069,3,2,0
423,424,1,0,1,-0.49365182552086945,-1.0977687733077013,0.12661325816455563,4134,4,2,0
424,425,1,0,1,-0.04423666532962635,-0.051611335627329336,0.4682309302899475,4665,4,2,0
425,426,1,0,0,-0.4703522870302494,0.14689673325924865,-0.3670685448684844,2948,7,1,0
426,427,1,0,0,-0.2724703430660635,-0.023821349407979912,-0.20246723874312772,3110,7,1,0
427,428,1,0,1,-0.679930105072915,-1.0620367491957314,1.563035685664931,2713,3,2,1
428,429,1,0,1,-0.9080568195963985,-0.5717123857915178,0.48727074752398425,3130,5,2,1
429,430,1,0,1,-0.8568952083246888,-0.8079391793306915,0.20250794385747095,3735,1,2,1
430,431,1,0,1,-0.37719101693430535,-0.5379670622201734,1.677091416054606,4484,3,2,2
431,432,1,0,0,0.1373536747857279,-0.279900855543764,2.6518160841171183,4896,6,2,2
432,433,1,0,1,-0.3329930796645412,-1.0441707371397466,2.3794683403252845,4122,2,1,2
433,434,1,0,1,-0.7730766216222448,-1.3141428542502647,0.4556428736793097,3150,4,2,1
434,435,1,0,0,-0.47098668953466405,-0.7112721434331088,0.4234553045124162,3253,7,2,1
435,436,1,0,1,-0.10243571833635305,-0.6531004081788221,0.27209333682718906,4460,2,2,1
436,437,1,0,1,0.20494336021245133,-0.041687361463964845,0.5696171938402985,5085,3,2,0
437,438,1,0,1,0.2259229034979738,-0.5677437489801483,-0.6707490504260045,5315,4,2,0
438,439,1,0,1,0.16767590146475064,-0.22233418256443965,-0.31640085378977334,5187,5,2,0
439,440,1,0,0,-0.18860749572377666,1.0282866613545054,-0.6897786913814552,3830,6,1,0
440,441,1,0,0,0.06521620861514936,0.6173683840668519,-0.715097272502932,4681,7,1,0
441,442,1,0,1,-0.08617730996740389,0.8754345907432618,-0.5504552612632324,3685,1,1,0
442,443,1,0,1,0.16766114791813638,0.4883376628635882,-0.18986900585390418,5171,2,2,0
443,444,1,0,1,0.18872921248334468,0.8655106165798976,-0.6075645366867564,5042,3,2,0
444,445,1,0,1,0.09550523981428988,0.9290326269112166,-0.9302818065947372,5108,4,1,1
445,446,1,0,1,0.163035911054556,0.9766753257271764,-0.645308353961498,5537,5,2,1
446,447,1,0,0,0.3050387972171125,0.3235749175483546,-0.658150817536781,5893,6,1,1
447,448,1,0,0,-0.002329216171731293,1.2347415324035862,0.12016149754115665,2339,7,1,1
448,449,1,0,1,-0.18396381692692831,1.2129021192663496,0.4050158877149422,3464,1,1,1
449,450,1,0,1,-0.17930907297011944,-0.7066984443467769,2.094746241773115,4763,2,2,1
450,451,1,0,1,-0.6333347164783285,-1.601985747686649,0.06326592396793458,4571,3,2,1
451,452,1,0,1,-0.06054302272507225,-0.6908191328314174,1.1264733343340008,5024,4,2,1
452,453,1,0,1,-0.018665080660405443,-0.8913139022586212,1.4111954328861707,5299,5,2,1
453,454,1,0,0,-0.4121532340235227,-0.21637884521244466,-0.4366437615596165,4663,6,1,1
454,455,1,1,0,-0.24216655832030873,0.5339936611389222,0.7086963932724623,3934,7,1,1
455,456,1,0,1,-0.25847291571575437,0.2382134940797991,-0.08861503392516884,3694,5,1,0
456,457,1,0,1,-0.22075547379631805,-0.5807740271063133,1.3347614044282075,4728,1,2,0
457,458,1,0,1,-0.09546097917444685,-1.0937953722264504,-0.822670713433451,5424,1,2,0
458,459,1,0,1,0.1699811431232337,-0.7464038695399977,0.0,5378,4,2,1
459,460,1,0,0,-0.2072928625107769,-1.20099144456236,0.3923362445970322,5265,6,2,1
460,461,1,0,1,-0.35628892976850757,-1.187098833587626,1.2151799547664417,4653,2,2,1
461,462,1,0,1,-0.2258602009248628,-1.772703830353878,0.9555118540925178,3605,4,2,2
462,463,1,0,0,0.018665080660405706,-1.6694811590992193,0.5253096768777142,2939,7,2,2
463,464,1,0,1,-0.039563479439549507,-1.4709683259427595,1.8034502672545163,4680,3,2,2
464,465,1,0,1,-0.1885927421771624,-0.9111666148552316,0.6960574552688953,5099,5,2,1
465,466,1,0,1,-0.5535917970280825,-0.7464896263978665,1.1631384660786472,4380,1,2,1
466,467,1,0,1,-0.3679552967537588,-0.7622831810553572,1.1138343963304336,4746,3,2,1
467,468,1,0,0,-0.20491385311922256,-1.0382153997877517,-0.2595358090523088,5146,6,2,1
468,469,1,0,0,0.002329216171731293,-0.5875916973068773,0.10117256170004915,4665,7,2,1
469,470,1,0,1,0.3190841735939181,-0.5637703478988975,0.44932340467752646,4286,1,2,1
470,471,1,0,1,0.47049244572308535,-0.3076908417631134,1.0568472362499393,5172,2,2,1
471,472,1,0,1,0.40986274591165417,-1.1235720589864253,0.9428729160889507,5702,3,2,1
472,473,1,0,1,-0.11185585784957829,-0.2719588176511435,-0.13293272716633886,4020,4,1,1
473,474,1,0,1,0.02095556877227451,-0.06550871087194475,-1.1707381109265247,5719,5,2,1
474,475,1,0,0,0.10478890902133284,0.325556853819098,-0.31652296913280303,5950,6,2,1
475,476,1,0,0,0.20491385311922256,0.2699768813803998,1.0442082982463727,4083,7,2,1
476,477,1,0,1,-0.36094736211197015,0.9965280383237871,1.6645440645583114,907,1,0,1
477,478,1,0,1,-0.6869232861680891,0.6689844839640633,1.246807828611116,3019,2,1,1
478,479,1,0,1,-0.3027483091052435,-0.8198498540346815,0.6961388654975817,5115,3,2,1
479,480,1,0,1,-0.06287777147678382,-0.9449119384265761,-0.6327915313009609,5541,4,2,1
480,481,1,0,1,-0.01394763413048583,0.6213417851481035,-0.04426681184824105,4551,5,1,1
481,482,1,0,0,-0.12808844751195264,-1.0739474238997215,1.6959582365526837,5219,6,2,1
482,483,1,0,0,-0.405208001954845,-0.651118471908078,-0.5189902078759308,3100,7,1,1
483,484,1,0,1,-0.13736842833234217,-0.18660215845246977,-0.6519636401566129,4075,1,2,1
484,485,1,0,1,-0.10942889943152748,-0.267990180839774,-0.09501591315563856,4907,2,1,1
485,486,1,0,0,0.3306878380060584,0.1588074079632386,-0.253175634936182,5087,6,1,0
486,487,1,0,1,0.18637971018501884,0.8138945166826862,-0.4367353480668887,5502,2,2,0
487,488,1,0,1,0.18396750531358227,0.6769217575868016,-0.48112427525815943,5657,2,1,0
488,489,1,0,1,0.3819416589441074,0.5201010501641888,-0.18354953685212094,5227,5,2,1
489,490,1,0,0,0.3586716275467159,0.6213417851481035,-0.2847628036665133,4387,7,1,1
490,491,1,0,1,0.21898873658925666,0.541935699031543,-0.31644155890411657,4224,3,1,1
491,492,1,0,1,0.14671480011249585,0.18064682110047514,0.5062291545293343,5265,5,1,2
492,493,1,0,1,0.2585798789287084,0.28386949235513315,1.1708215564109286,4990,1,1,2
493,494,1,0,1,0.24218131186692324,0.5617884116281537,0.3606167842450854,4097,4,1,2
494,495,1,0,0,0.01629713642881192,-0.3533516043083292,1.354340564427292,5546,6,2,1
495,496,1,0,1,0.12344476871510457,-1.2665001554343047,0.5694849022186831,5711,2,2,1
496,497,1,0,1,0.21190703421439672,-0.694787769642787,-0.5886163059599918,4807,4,2,1
497,498,1,0,1,0.3609953111384669,-0.2382134940797991,0.44920128933449677,3946,1,2,1
498,499,1,0,1,0.23065510357450794,0.7781624925707163,0.32276102790589983,2501,2,1,1
499,500,1,0,1,0.32841210344080385,0.8019838419786962,-0.3417499637470076,4490,3,1,1
500,501,1,0,1,0.4005975186378789,0.3414409296043395,-0.5949357749617753,6433,4,2,1
501,502,1,0,1,0.31442942963710896,-0.5062036749195731,0.4935495114114243,6142,5,2,1
502,503,1,0,0,0.2351586236785203,-0.49032436340421365,-0.4493641097918697,6118,6,2,1
503,504,1,0,0,0.2933871837784758,-0.809925879871317,-0.9870990228228489,4884,7,2,1
504,505,1,0,1,0.3563073717017758,-0.45657427556298785,0.7468574379692218,4425,1,2,1
505,506,1,0,1,0.2888098959413916,0.8813899280952567,0.5314968542578821,3729,2,1,1
506,507,1,0,1,0.34471846083624974,0.6650110828828117,-0.6391517054170875,5254,3,1,1
507,508,1,0,1,0.3586863810933301,0.7066984443467765,-0.8036716013137576,4494,4,1,1
508,509,1,0,1,0.4401554654974484,0.4307709898842642,-0.08221415469469885,5711,5,2,1
509,510,1,0,0,0.516980871104718,0.575681022602887,-0.4113760618310687,5317,6,2,1
510,511,1,0,0,0.5729226314794581,0.5062036749195731,0.18334601128040476,3681,7,2,1
511,512,1,0,1,0.568234692042767,0.3374675285230879,0.3479880225201044,3308,1,2,1
512,513,1,0,1,0.7079323365468407,0.2382134940797991,0.15820042689488667,3486,2,2,1
513,514,1,1,0,0.6846659935361027,0.27791415500313815,1.1644206771804582,4863,3,2,1
514,515,1,0,1,0.4564913299861228,0.20843680731982422,-0.4746826909133465,6110,4,1,1
515,516,1,0,1,0.5309967403882951,-0.6352343961228372,0.1455614888913199,6238,5,2,1
516,517,1,0,0,0.44481020945425725,0.6153864477961085,0.5758552526133957,3594,7,1,0
517,518,1,0,1,0.2911003840532604,-0.36724421528306317,0.05685486845887885,5325,3,2,0
518,519,1,0,1,0.32372416400411275,-0.6332524598520931,0.031668578959017514,5147,3,2,0
519,520,1,0,0,0.3353425819628673,-0.663029146612068,1.0568879413642829,5927,6,2,1
520,521,1,0,1,0.14210431679552973,-0.061540074060575246,0.29104156755395333,6033,1,1,1
521,522,1,0,1,0.20259385791412524,-0.07146404822393973,-1.0568065311355963,6028,4,2,1
522,523,1,0,0,0.30273355555862946,-0.2818875560843894,-0.24041458158958554,6456,6,2,2
523,524,1,0,1,0.4075575042531711,-0.7543411431627367,-0.056905749851808095,6248,2,2,2
524,525,1,0,1,0.5938394721918698,-0.9012426406918671,-0.3733473087559244,4790,5,2,2
525,526,1,0,0,0.6497185299934992,-0.4188603151802739,-0.4808698682935143,4374,7,2,1
526,527,1,0,1,0.6357174142565367,-0.18262875737121884,0.27209333682718906,5647,3,1,1
527,528,1,0,1,0.4076054532796676,0.9865992998905405,0.3416278484039779,4495,5,1,1
528,529,1,0,1,0.45644706934627977,-0.2104235078604497,1.6516507195900996,6248,4,2,1
529,530,1,0,1,0.5053772066925778,-0.2699768813803995,0.7404056773458231,6183,5,2,1
530,531,1,0,0,0.414535931801731,-0.17469148374847981,-0.04434822207692752,6102,6,2,1
531,532,1,0,0,0.39592433274780203,-0.5816363599548824,-0.14560219400566313,4739,7,2,1
532,533,1,0,1,0.31207623895212944,-0.1310174217438895,-0.3670685448684844,4344,1,2,1
533,534,1,0,1,0.2119992438807362,0.7225825201320182,-0.06338803931096428,4446,2,1,1
534,535,1,0,1,0.6171685177757187,0.30372220495174385,-0.33538978963088084,5857,3,2,1
535,536,1,0,1,0.8616458503344908,-0.16278080904448985,-0.6834693986582577,5339,4,2,1
536,537,1,0,1,0.9780771518278264,-0.2779141550031385,-0.63284241269389,5127,5,2,2
537,538,1,0,0,0.873249514746631,-0.25012416878378907,0.018999112119693254,4859,6,2,2
538,539,1,0,0,0.6101605831339303,-0.43672632723625887,-0.012761053346596472,4801,7,2,2
539,540,1,0,1,0.6893207374929116,-0.7007431069947819,-0.36074907586670085,4340,1,2,2
540,541,1,0,1,0.6147710664508964,-0.5816363599548824,1.2151290733735127,5640,2,2,2
541,542,1,0,1,0.3959095792011878,-1.204964845643611,1.6960498230599563,6365,3,2,2
542,543,1,0,1,0.5658999432910554,-1.2684868559749303,0.924006095590873,6258,4,2,2
543,544,1,0,1,0.6939607279031061,-0.9707199883751814,-0.09489379781260886,5958,5,2,2
544,545,1,0,0,1.1037441735017084,-0.6550871087194475,-0.15832254223791636,4634,6,2,2
545,546,1,0,0,0.7382066141993667,-0.11910674703989955,-0.20254864897181418,4232,7,2,2
546,547,1,0,1,0.9710212681595415,-0.5121590122715681,-0.12665396327889886,4110,1,2,0
547,548,1,0,1,0.791798872275781,-0.8535999418759073,0.1454393735482902,5323,4,2,0
548,549,1,0,1,0.7940561649077676,-0.639207797204088,-0.5570291372296607,5608,4,2,0
549,550,1,1,0,0.903553299492386,-0.41687361463964845,-0.46836322191156293,4841,7,2,1
550,551,1,1,0,1.0106271640456075,-0.8019838419786965,0.13284114065906666,4836,2,2,1
551,552,1,0,1,0.9780439563479442,-0.8357339298199223,-0.3544703119792608,4841,5,2,1
552,553,1,0,0,1.1712416492620925,-0.639207797204088,-0.1772809492432664,3392,7,2,2
553,554,1,0,1,1.1176973402121746,-0.25012416878378907,-0.5632163146098289,3469,3,2,2
554,555,1,0,0,0.6148153270907392,0.27195881765114316,0.0,5571,6,1,2
555,556,1,0,1,0.6544359765234194,0.19652613261583426,-0.29753403329169553,5336,1,1,1
556,557,1,0,1,0.6008621603802731,0.0337453235713444,-0.2975747384060385,6289,4,2,1
557,558,1,0,0,0.6171353222958366,-0.46054767664423873,-0.34802872763444764,6414,6,2,1
558,559,1,0,0,0.6660064454556774,-0.668984483964063,-1.0188998934034819,5988,6,1,2
559,560,1,0,0,0.6590317062937713,0.3473962669563345,-0.3795344861360925,4614,7,1,2
560,561,1,0,1,0.803446797327764,0.4367263272362592,-0.14560219400566313,4111,1,2,2
561,562,1,0,1,0.8732642682932453,0.08933006027992467,-0.17083936489845344,5742,2,2,2
562,563,1,0,1,0.9896623743066987,-0.5736990863321434,-0.6771906347708174,5865,3,2,2
563,564,1,0,1,0.9524096691056128,-0.2342448572684296,-0.443003935675743,4914,4,2,2
564,565,1,0,1,0.8382872976574139,-0.12307538385126907,-0.15820042689488667,5703,5,2,2
565,566,1,0,0,0.46348451108129696,1.038215399787752,0.2848543901737853,5123,6,1,2
566,567,1,0,0,0.23069936421435072,1.1394561347716665,0.3289482052860679,3195,7,0,2
567,568,1,0,1,0.5007372162823831,0.6491317713674526,-0.8858877912641737,4866,1,1,2
568,569,1,0,1,0.7474607763131812,0.3235749175483546,-0.4303751739507622,5831,2,2,2
569,570,1,0,1,0.8080720341913444,0.1369727590958845,0.31016279501667626,6452,3,2,2
570,571,1,0,1,0.6148153270907392,-0.8397025666312918,-0.1646013061253564,6790,4,2,2
571,572,1,0,1,0.929099065455032,-0.140941395907254,1.056684415792567,5825,5,2,2
572,573,1,0,0,0.9104874664011032,-0.15087013434049992,-0.2847628036665133,5645,6,2,2
573,574,1,1,0,0.7754445658538389,-0.061540074060575246,-0.24041458158958554,4451,7,2,2
574,575,1,0,1,0.6660064454556774,-0.011910674703989956,-0.10765485115920533,4444,1,2,2
575,576,1,0,1,0.7289081914457095,0.20248146996782926,-0.2784026295503866,6065,2,2,2
576,577,1,0,1,0.6474280418816305,0.37121761636431444,-0.1582411320092299,6248,3,2,2
577,578,1,0,1,0.6637012037971944,0.2441688314317941,-0.40497518260059895,6506,2,2,0
578,579,1,0,1,0.810425224876324,0.1588074079632386,-0.5253096768777142,6278,5,2,0
579,580,1,0,1,0.8686242778830506,0.07741938557593471,0.3543074915218879,5847,5,1,0
580,581,1,0,1,0.973374458844521,-0.061540074060575246,0.7783123150779376,4479,1,2,1
581,582,1,0,1,0.8989133090821915,0.12506208439189453,1.1137529861017477,3757,3,2,1
582,583,1,0,0,0.8220731499283076,0.1330041222845153,-0.5253096768777142,5780,6,1,1
583,584,1,0,1,0.7755072684269496,0.3692309158236886,-0.6519636401566129,5995,1,1,2
584,585,1,0,1,0.8127452200814212,0.22233418256443999,-0.7151379776172753,6271,4,1,2
585,586,1,0,0,0.7824672540422416,-0.027789986219349423,-0.25313492982183877,6090,7,2,2
586,587,1,0,1,0.6660396409355597,0.4267975888030126,0.5885756008456489,4721,2,1,1
587,588,1,0,1,0.556586766990784,0.508190375460199,0.2595358090523085,4052,5,1,1
588,589,1,0,0,0.5798678635481358,-0.45657427556298785,-0.5949357749617753,4362,7,2,1
589,590,1,0,1,0.6450600976500367,-0.3851102273390481,-0.4555207583362803,5676,2,2,2
590,591,1,0,1,0.698633913793183,0.28784289343638475,-0.12025308404842887,5656,3,2,2
591,592,1,0,1,0.6147526245176285,-0.031763387300600354,-0.11401502527533208,6149,4,2,2
592,593,1,0,1,0.6171537642291045,-0.5101723117309427,-0.39869641871315864,6267,5,2,2
593,594,1,0,0,-0.9035237923991575,-0.2640215440284045,0.5126707388741475,5665,6,2,2
594,595,1,0,0,0.48209611013522563,-0.10918277287653506,-0.03162787384467428,5038,7,2,2
595,596,1,0,1,0.4285518010853081,0.4069496404762843,-0.9619127333229874,3341,1,1,2
596,597,1,0,1,0.4005680115446504,0.5141457128121939,-0.5189495027615876,5504,2,1,2
597,598,1,0,1,0.4192238712384221,0.22630281937580915,-1.1011160833538978,5925,3,2,2
598,599,1,0,1,0.496049276845692,0.2421821308911683,-1.1264295763360819,6281,4,2,2
599,600,1,0,1,0.5519430881939357,0.045655998275334356,-0.9807815890767825,6402,5,2,2
600,601,1,0,0,0.589166286301793,-0.0535980361679548,-1.1074762574700245,6257,6,1,2
601,602,1,0,0,0.4844013517937087,0.4129049778282793,0.6455118795332142,4224,7,1,2
602,603,1,0,1,0.4006749747576041,1.0461526734104902,0.48727074752398425,3772,1,1,2
603,604,1,0,1,0.6171537642291045,0.496279700756209,-0.5316291458794975,5928,2,2,2
604,605,1,0,1,0.6590612133869997,-0.02977668675997489,0.10125397192873561,6105,3,2,2
605,606,1,0,1,0.5472403952106303,-0.3533516043083292,-0.6961897468905108,6520,4,2,2
606,607,1,0,1,0.6101126341074339,-0.1707180826672289,-1.0568909942478586,6541,5,2,2
607,608,1,0,0,0.7451850417479267,-0.1846154579118443,-0.12661325816455563,5917,6,2,2
608,609,1,0,1,0.7940709184543818,0.057566672979324315,-0.6898295727743842,3788,3,1,0
609,610,1,0,0,0.596174220943582,0.8992559401512417,-1.1896497070503802,3197,6,1,0
610,611,1,0,0,0.6427548559915536,0.7841178299227113,-0.3038026209005498,4069,6,2,0
611,612,1,1,0,0.7359198144741517,0.6133997472554827,0.5632163146098289,5997,2,2,1
612,613,1,0,1,0.817414717584845,0.547891036383538,0.06953451157678885,6280,4,2,1
613,614,1,0,0,0.6195180200740446,0.8774212912838876,-0.3923362445970322,5592,7,1,1
614,615,1,0,1,0.6264337450494938,0.524069686975558,-0.09493450292695209,6459,2,2,2
615,616,1,0,1,0.456461822892894,0.8238232551159328,1.0189405985178248,4419,5,1,2
616,617,1,0,1,0.33771052619446107,-0.3751862531756836,0.4428818203327135,5657,1,2,2
617,618,1,0,1,0.28876194691489515,-0.5836230604955078,0.7910835447031196,6407,3,2,1
618,619,1,0,0,0.24685449775700008,-0.5062036749195731,-0.9048828328724327,6697,6,2,1
619,620,1,0,1,0.30506830431034104,-0.2342448572684296,-0.4999503906418943,6820,1,2,1
620,621,1,0,1,0.3400452749461729,0.051611335627329336,-0.9998621114251623,6750,5,2,2
621,622,1,0,0,0.393619091089319,0.22034748202381418,-0.7847131943084074,6630,6,2,2
622,623,1,0,0,0.3633153063435642,-0.5935470346588724,0.6771906347708174,5554,7,2,2
623,624,1,0,1,0.2794340170680094,-0.267990180839774,-0.9239216324786107,5167,1,2,2
624,625,1,0,1,0.24227352153326248,0.5161276490829373,-0.2974831518987663,5847,2,1,2
625,626,1,0,1,0.28659686394924805,1.1732014583430106,1.7972529135957624,3702,3,1,2
626,627,1,0,1,0.1956301839121796,-0.42679758880301294,0.34802872763444764,6803,4,2,2
627,628,1,0,1,0.16534115271303906,-0.037718724652595334,-0.6391517054170875,6781,5,2,2
628,629,1,0,0,0.3120614854055152,0.20248146996782926,-0.2721747470558755,6917,6,2,2
629,630,1,0,0,0.4541270741411824,0.09727209817254545,1.0441675931320293,5883,7,2,2
630,631,1,0,1,0.11643683407331615,-0.7583145442439877,0.4302835874434897,5453,1,2,1
631,632,1,0,1,0.0558735252216491,-0.6352343961228372,-0.39250924133299087,6435,2,2,1
632,633,1,0,1,0.20955384352941744,-0.267990180839774,0.5632163146098289,6693,3,2,1
633,634,1,0,1,0.4029507093228584,0.021834648867354447,0.6454304693045277,6946,4,2,1
634,635,1,0,1,0.4448581584807537,0.30769084176311307,-0.47455039929173104,6642,5,1,1
635,636,1,0,0,0.36330055279694995,0.30372220495174385,-0.1709207751271399,6370,6,1,1
636,637,1,0,0,0.1583479716178649,-0.397020902043038,0.4745096941773878,5966,7,2,1
637,638,1,0,1,0.11175258302327848,-0.2044681705084547,-0.46828181168287675,4874,1,2,1
638,639,1,0,1,0.09086524940409524,0.10918277287653541,-0.9176031811046859,6015,4,1,0
639,640,1,0,0,0.20274508176692177,1.1692328215316414,-0.7784853118138961,4324,7,0,0
640,641,1,0,0,0.4122454436898622,0.798015205167327,-1.1644634175505189,6844,7,1,0
641,642,1,0,1,0.4448581584807537,0.4605476766442391,-0.6454711744188709,6437,3,1,1
642,643,1,0,1,0.3423652701512702,0.005955337351994978,-0.7594047894655164,6640,5,2,1
643,644,1,0,1,0.1886849518435019,0.18064682110047514,0.8858450508941129,4934,1,2,1
644,645,1,0,1,-0.24915605102882946,0.39106556469104276,-0.4051481793365576,2729,3,1,2
645,646,1,0,0,-0.3679405432071443,0.3970209020430377,0.08857432881082561,4604,6,1,2
646,647,1,0,1,-0.18166226365509897,0.6451631345560834,0.09489379781260886,5791,2,1,2
647,648,1,0,1,0.05819352042674642,0.021834648867354447,0.06966680319840429,6911,4,2,1
648,649,1,0,0,-0.20727810896416263,-0.7761805562999726,0.00631946900178325,6736,7,2,1
649,650,1,0,1,-0.20025542077575997,-0.414886914099023,0.5507096682278773,6222,2,2,1
650,651,1,0,0,-0.3539689345634103,-0.6272971225000982,-0.3544703119792608,4857,7,2,1
651,652,1,0,1,0.0768641336671324,0.06749541141257057,0.9935813122820047,4559,1,2,1
652,653,1,0,1,0.19100494704859922,0.38709692787967354,1.170902966639615,5115,2,1,1
653,654,1,0,1,-0.09781048147277267,-0.32357491754835427,0.012679643117910004,6612,3,2,1
654,655,1,0,1,-0.13741637735883838,0.3176195801963596,-0.8100724805442273,6482,4,2,1
655,656,1,0,1,0.0931704910625783,0.4863509623229624,0.5694849022186831,6501,5,1,1
656,657,1,0,0,0.18637971018501884,0.8992559401512417,-0.4683225167972197,4671,6,1,1
657,658,1,0,0,-0.053564595176512346,-0.25409280559515857,-0.6455627609261432,5284,7,2,1
658,659,1,0,1,-0.11410208532160432,-0.5538463737355329,-0.15184025277876018,4692,1,2,1
659,660,1,0,1,-0.01631188997542618,-0.27593221873239443,-1.012455256175093,6228,2,2,1
660,661,1,0,1,0.15837747871109342,0.07345074876456553,-0.8795276171480471,6625,3,2,1
661,662,1,0,1,0.2631903622456745,0.047642698815959825,-1.101030602613777,6898,4,2,1
662,663,1,0,1,0.15610543253249257,0.8297785924679277,-0.5759773679564251,6484,5,1,1
663,664,1,0,0,0.13051540593000371,0.861537215498646,-0.49363092164011074,6262,6,1,1
664,665,1,0,0,0.10242096478973906,0.44665030139962336,0.5568154353793588,5209,7,1,1
665,666,1,0,1,-0.07226840389678055,0.325556853819098,2.208588270312488,3461,1,1,1
666,667,1,0,1,-0.17691162164529714,1.2089334824549804,1.8034909723688597,20,2,0,1
667,668,1,0,1,-0.6545244978031048,0.9490663817633278,0.32598690821759946,1009,3,1,1
668,669,1,0,1,-0.46571229662005476,0.1925574958044651,-0.14560219400566313,5147,4,1,1
669,670,1,0,1,-0.43309958182916325,-0.21240544413119375,-0.24045528670392877,5520,5,1,0
670,671,1,0,1,-0.4843681563138265,-0.49627970075620864,0.8670189355103787,5229,1,2,0
671,672,1,0,1,-0.6031194530122594,-0.6431764340154577,0.911326452472963,4109,1,1,0
672,673,1,0,1,-0.5821251561801224,-0.44466360085899787,-0.018999112119693524,3906,4,2,1
673,674,1,0,0,-0.6612889989257574,-0.6292790587708422,0.5632570197241719,4881,6,2,1
674,675,1,0,1,-0.7590607523386678,-0.2818875560843894,-0.07593539080725883,5220,2,2,1
675,676,1,0,1,-0.7846802860343851,-0.3751862531756836,1.2530357111056274,4709,4,1,2
676,677,1,0,0,-0.5365625158485363,-1.394844821774619,1.698013844827016,4975,7,2,2
677,678,1,0,1,-0.4866881515189238,-0.40694964047628396,0.3417499637470076,5283,3,2,2
678,679,1,1,0,-0.3445967440766815,0.09131676082055047,-1.252997041247001,4446,5,2,1
679,680,1,0,1,-0.24214811638704076,0.15682547169249522,-0.5441764973757921,4562,1,2,1
680,681,1,0,1,-0.04419240468978358,0.5498777369241638,-0.0758946856929156,5172,3,2,1
681,682,1,0,1,-0.6054099411241283,0.17469148374848015,1.639103368093805,3767,3,1,1
682,683,1,0,1,-0.759075505885282,-0.3533516043083292,0.18978759562521771,5122,4,2,1
683,684,1,0,1,-0.6007367552340513,-0.027789986219349423,-0.28481368505944227,5125,5,1,1
684,685,1,0,0,-0.5169661175581037,-0.48436902605221865,-0.10125397192873561,5214,6,2,1
685,686,1,0,0,-0.593762016072145,-0.3851102273390481,-0.012679643117910004,4316,7,2,1
686,687,1,0,1,-0.5518508785275962,0.3176195801963596,0.47459110440607427,3747,1,2,1
687,688,1,0,1,-0.4121532340235227,-0.01389737524461542,0.5504552612632324,5050,2,1,1
688,689,1,0,1,-0.393541634969594,0.279900855543764,-0.999819371055102,5100,3,1,1
689,690,1,0,1,-0.45172593442970643,-0.05955337351994978,-0.7909919581958476,4531,4,2,1
690,691,1,0,1,-0.5052849970262382,-0.21836078148318872,-1.3036240272113688,1470,5,2,1
691,692,1,0,0,-0.40050530897153963,-0.273945518191769,-0.3353490845165376,2307,6,2,1
692,693,1,0,0,-0.8801320442421982,-1.0560814118437365,1.9934922698443793,1745,7,2,1
693,694,1,0,1,-0.8475230178379601,-0.7523592068919926,-0.31012208990233303,2115,1,2,1
694,695,1,0,1,-0.5472108881174015,-0.43275292615500793,-1.3669286210379294,4750,2,2,1
695,696,1,0,1,-0.75909394781855,0.764269881595983,0.5758450763348096,3836,3,1,1
696,697,1,1,0,-0.728834423712638,-0.5717123857915178,0.30372121067186336,5062,4,2,1
697,698,1,1,0,-0.6968929952926968,-0.33634792510091327,-0.6660679622765353,5080,5,2,1
698,699,1,0,0,-0.6030419968925345,0.11116470914727877,-1.2466368671308745,5306,6,2,1
699,700,1,0,0,-0.6287242331613624,0.8595552792279026,-1.2340854451231458,4240,6,1,0
700,701,1,0,1,-0.4726907241686147,0.9389566010745807,-0.5759366628420821,3757,2,1,0
701,702,1,0,1,-0.11643683407331588,0.6729531207754325,-0.9998621114251623,5679,2,2,0
702,703,1,0,1,-0.06753620382024642,0.5121590122715681,-0.06966680319840429,6055,5,2,1
703,704,1,0,0,-0.21891496885618514,-0.6729531207754325,1.4556759465847136,5398,7,2,1
704,705,1,0,1,-0.8452325297260914,-0.559801711087528,-0.06330662908227781,5035,3,2,1
705,706,1,0,1,-0.6100831270142051,0.6570738092600734,-0.5126300337598043,4659,5,1,2
706,707,1,0,1,-0.3609326085653559,1.357816916254855,-0.809991070315541,4429,1,1,2
707,708,1,0,1,-0.3585794178803764,1.3300269300355059,-0.23405440747345904,2787,4,1,2
708,709,1,0,0,-0.19101970059521348,1.4233256271267998,0.09497520804129533,4841,6,1,1
709,710,1,0,1,-0.5495751439623416,-0.140941395907254,1.170902966639615,5219,2,1,1
710,711,1,0,1,-0.7008912064251698,-0.4188603151802739,-0.18355971313070668,5009,4,1,1
711,712,1,0,1,-0.7125096243839243,-0.668984483964063,-0.06966680319840429,5107,5,2,1
712,713,1,0,0,-0.71249487083731,0.07940608611656051,-0.5062291545293343,5182,6,2,1
713,714,1,0,0,-0.5495013762292703,0.11513811022853038,-0.7594047894655164,4280,7,2,1
714,715,1,0,1,-0.4331143353757775,1.0124073498391462,-0.8164733597746971,3248,1,1,1
715,716,1,0,1,-0.31670147581570984,1.3379642036582442,-0.841748182898255,4373,2,1,1
716,717,1,0,1,-0.28642719816318357,0.1905707952638393,0.4114167669454119,5124,3,2,1
717,718,1,0,1,-0.5355629630654182,-0.0039686368113695135,0.03171946035194649,4934,4,2,1
718,719,1,0,1,-0.5611788083744819,0.19851283315646007,-0.493671626754454,3814,5,1,1
719,720,1,0,0,-0.6845553419364954,-0.3315121911710933,1.9681736887229022,3402,6,1,0
720,721,1,0,0,-0.9267126792901702,-0.8813899280952567,2.3036143597467125,1544,7,2,0
721,722,1,0,1,-0.8405593438360145,-0.5280383237869276,-0.4873623340312565,1379,1,2,0
722,723,1,1,0,-0.8426654126152046,0.786361801036943,-1.055733951372653,746,2,1,0
723,724,1,1,0,-0.7114879412808846,0.5170805030592569,-0.12464923639749573,573,3,1,0
724,725,1,0,1,-0.9849154206835504,0.9389566010745807,1.3796082641558394,432,4,0,0
725,726,1,0,1,-0.9616453892861591,0.12704878493252034,1.7213989330171904,1867,5,1,0
726,727,1,0,0,-0.8568804547780746,-0.17270478320785435,-0.2595358090523088,2451,6,1,0
727,728,1,0,0,-0.9035237923991575,0.6034757730921185,-0.5758959577277388,1182,7,1,0
728,729,1,0,1,-0.9429895295923874,-0.680895158668053,1.7277184020189735,1432,1,2,0
729,730,1,1,0,-0.9732822491781815,-0.23225815672780414,-0.2658959831684352,2290,2,1,0
