,instant,season,yr,mnth,holiday,workingday,weathersit,temp,atemp,hum,windspeed,casual,weekday
0,1,0,0,1,1,0,1,14.110847,-0.4563991203197833,0.855581878146651,-0.20890882308794095,331,2
1,2,0,0,2,0,1,1,14.902598,-0.4928625107770049,0.33272231572101857,0.6875500863711644,131,0
2,3,0,0,3,0,1,2,8.050924,-1.098989843105253,-0.900337429414364,0.6852095422964299,120,0
3,4,1,0,4,0,0,2,8.2,-1.0152007634960376,-0.17063232580936002,-0.21043526487581127,108,1
4,5,1,0,5,0,1,2,9.305237,-0.9519523091605695,-0.9018429386969482,0.060294450620880104,82,1
5,6,1,0,6,0,1,2,8.378268,-0.9374237541321458,-0.5144887402436686,-0.9302115902724953,88,0
6,7,2,0,7,0,0,1,8.057402,-1.0273097368797173,-0.607701680477094,-0.12464923639749573,148,1
7,8,2,0,8,0,1,1,6.765,-1.1991332291364107,-0.4307709898842639,0.8734198147408484,68,0
8,9,2,0,9,0,0,2,5.671653,-1.3690903977463962,-0.9151352516666011,1.8416520170656192,54,0
9,10,1,0,10,0,1,2,6.184153,-1.2410554318409202,-0.682877094938797,0.4303751739507619,41,2
10,11,1,0,11,0,1,1,6.932731,-1.0913954549855465,0.2863993196622606,-0.5988027608243804,43,0
11,12,1,0,12,0,0,2,7.081807,-1.205702245766424,-0.12722982718802056,1.2583171996916585,25,0
12,13,0,0,1,0,0,2,6.765,-1.2410738737741882,-0.7424304684587467,1.221407837260953,38,0
13,14,0,0,1,0,0,2,6.59567,-1.1026487226655972,-0.421275800010243,-0.5538643145894762,54,1
14,15,0,0,1,0,1,1,9.566653,-0.882455727833949,-0.6074444099034877,-0.23417652281648874,222,2
15,16,0,0,1,1,0,2,9.498347,-0.9337058603853443,-0.6789084581274275,0.0758946856929156,251,1
16,17,0,0,1,0,1,1,7.209153,-1.145588920086493,-0.42282895199164344,0.13271902531603696,117,0
17,18,0,0,1,0,1,1,8.883347,-0.9406547808406758,1.1215901227156817,-0.34802872763444764,9,0
18,19,0,0,1,0,1,1,11.979134,-0.6968929952926968,0.5502207643556386,0.2782398090930136,78,0
19,20,0,0,1,0,0,1,10.728347,-0.8568657012314603,-0.4188603151802739,0.1519216630074464,83,0
20,21,0,0,1,0,0,2,7.2775,-1.2154395865318564,-0.8059572430599474,1.7530369831404506,75,1
21,22,0,0,1,0,1,2,2.4243464,-1.50594945988188,-1.077916060711091,-0.09163738866515202,93,2
22,23,0,0,1,0,1,2,3.9573897,-1.4330318999340705,-0.9039153960954425,0.6678182821932935,150,1
23,24,0,0,1,0,1,2,3.9930433,-1.3626172791693756,-0.640846706043357,-0.2304418285754991,86,0
24,25,0,0,1,0,1,1,9.162598,-0.9325661489093904,-0.04427436000967136,-0.5208117617427894,186,0
25,26,0,0,1,0,1,0,8.9175,-1.0466331945577858,1.1255587595270509,1.1486474453724647,34,0
26,27,0,0,1,0,0,2,7.995,-0.9872501694352621,0.2918115302477539,-0.6832149916936125,15,0
27,28,0,0,1,0,0,1,8.342598,-0.9739092749092889,0.7946468663610385,-0.5869168674361628,38,1
28,29,0,0,1,0,1,2,8.057402,-1.0151860099494232,0.12143647501200015,-0.36237728044042944,123,2
29,30,0,0,1,0,1,2,8.877402,-0.8743043933295529,0.4570078241222129,-1.0887844689636224,140,1
30,31,0,0,1,0,1,1,7.414153,-1.1106267029972754,-0.1071960723359096,0.06326592396793458,42,0
31,32,0,0,1,0,1,1,7.879134,-0.9325513953627761,0.9686475309766874,-1.3001417046793073,47,1
32,33,0,0,2,0,1,1,10.66,-0.8592004499831719,0.7106718454280282,0.8480198233906848,72,0
33,34,0,0,3,0,1,2,7.665237,-1.1415058760609877,-0.8977027881698413,0.9848297126982145,61,0
34,35,1,0,4,0,1,1,8.663464,-0.9544714772449598,-0.19549228605152782,-0.5407267389352051,88,2
35,36,1,0,5,0,1,1,9.566653,-0.9010968339811064,1.4431783397234104,-0.20246723874312772,100,0
36,37,1,0,6,0,0,2,11.719153,-0.7217932935909672,-0.27593221873239443,-0.3986557135988154,354,0
37,38,2,0,7,0,1,2,11.138347,-0.677580602774589,0.5339936611389222,-1.3795645061579207,120,2
38,39,2,0,8,0,1,2,9.054153,-1.066380816701015,-0.42084225145101795,1.8416520170656192,64,0
39,40,2,0,9,0,0,1,5.526103,-1.2654172256877692,-0.6263442685237791,0.0800262547987513,53,1
40,41,1,0,10,0,1,2,5.918268,-1.2459978699567078,-0.8997752455683355,0.41682037087447305,47,1
41,42,1,0,11,0,1,2,7.752731,-1.010084971207532,-0.5711692590250158,-0.7370169765767508,149,0
42,43,1,0,12,0,0,2,9.1225,-0.938364292728807,-0.3910655646910431,0.22786723009329096,288,1
43,44,0,0,2,0,1,2,12.977402,-0.6021346537757555,-0.804489847936416,0.8131660692343115,397,1
44,45,0,0,2,0,1,2,17.015,-0.32831989377446436,-1.193054170939621,2.411096214169959,208,0
45,46,0,0,2,0,1,2,10.909567,-0.8597278892746328,-1.4859853046095501,1.1234509795940175,140,0
46,47,0,0,2,0,1,2,13.048701,-0.6313208573654777,-0.9660605324309806,0.7206433443321946,218,0
47,48,0,0,2,0,0,2,17.869153,-0.2165322710779771,-0.5776677231435129,0.4999503906418943,259,0
48,49,0,0,2,0,0,2,21.388347,0.09080254683098452,-0.5220829864349326,0.8542985872781251,579,1
49,50,0,0,2,0,1,2,16.365847,-0.35393942747018176,-2.088336710009612,3.3224328429215073,532,2
50,51,0,0,2,1,0,2,11.693897,-0.7746884465898561,-1.0406308846177208,0.43004953303601634,639,1
51,52,0,0,2,0,1,1,12.436653,-0.7498102786115071,-0.10124073498391463,1.2910746404593574,195,0
52,53,0,0,2,0,1,2,7.471102,-1.1114270829011008,-0.2309336897007205,0.14967270543998412,74,0
53,54,0,0,2,0,1,2,9.091299,-0.8912894138692561,-0.9681329898294749,-0.8839319105199824,139,0
54,55,0,0,2,0,0,1,12.121732,-0.730940492491828,0.3389349236466195,0.7074650635635803,100,0
55,56,0,0,2,0,0,1,14.938268,-0.5049530422274167,0.4093651253062531,1.6848253877798156,120,1
56,57,0,0,2,0,1,2,11.5825,-0.7567555106801848,-0.42084225145101795,0.056946454966151056,424,2
57,58,0,0,2,0,1,2,14.082598,-0.5025629676759015,0.25607950613578406,-0.5670934767510194,694,1
58,59,0,0,2,0,1,1,16.698193,-0.32179882617094746,1.1916105971654973,1.1062734213411825,81,0
59,60,0,0,1,0,1,2,10.933347,-0.8243009354670653,-0.4347396266956334,0.36074907586670085,137,0
60,61,0,0,2,0,0,2,13.735,-0.617043112629497,-0.8416892671719174,1.2909423488377418,231,0
61,62,0,0,3,0,0,2,8.131653,-1.059420831085723,-1.4669996891313901,0.45568357879365295,123,0
62,63,1,0,4,0,1,1,10.728347,-0.8545457060263628,-0.07543268503530924,0.22765352824298904,214,1
63,64,1,0,5,0,1,1,15.750847,-0.40050530897153963,0.776180556299973,0.7214574466190588,640,0
64,65,1,0,6,0,0,1,15.437402,-0.4467097285808472,1.5341473088426036,1.651732129818786,114,1
65,66,2,0,7,0,1,2,10.731299,-0.918052347427581,-0.35706297054609243,1.632041030755258,244,1
66,67,2,0,8,0,1,2,11.9925,-0.6822205931847838,-0.9786620262678019,-0.6138840056885396,316,0
67,68,2,0,9,0,1,1,12.129153,-0.7404675952180069,0.7106718454280282,0.3986557135988154,191,2
68,69,1,0,10,0,1,0,15.952731,-0.3750960133150758,-2.983624013349484,0.8232812901485991,46,0
69,70,1,0,11,0,0,1,12.977402,-0.6726307878854941,0.11107895228941059,0.5291156050688044,247,0
70,71,1,0,12,0,1,2,13.495847,-0.5960967648238564,-0.15087013434049992,0.4050158877149422,724,2
71,72,0,0,3,0,1,2,15.758268,-0.395666145682052,-0.47099095622469717,0.9120896733668981,982,1
72,73,0,0,3,0,1,2,13.333897,-0.5730443482390258,-0.6159867458011893,-0.4482548954260172,359,0
73,74,0,0,3,0,1,1,13.013031,-0.6240252285647107,0.14007906305868528,0.0339277128050658,289,0
74,75,0,0,3,0,1,1,14.973897,-0.44420900242972483,0.7159363636471912,0.2253231604468403,321,0
75,76,0,0,3,0,0,2,17.015,-0.2841219565047005,-0.11116470914727912,0.29108227266829656,424,0
76,77,0,0,3,0,0,2,22.14,0.14622424468757061,-0.4813484789472868,0.509241332990732,884,1
77,78,0,0,3,0,1,2,19.3725,-0.07686413366713214,-1.1771700951543802,1.9049179410335537,1424,2
78,79,0,0,3,0,1,2,13.6325,-0.5960967648238564,-0.7265511569433873,0.27217474705587524,1047,1
79,80,1,0,3,0,1,1,17.647835,-0.28632761172353693,0.5295057189104587,1.097084241778203,401,0
80,81,1,0,3,0,1,2,18.108347,-0.17233064542155954,-0.007942037892620442,0.4556428736793097,460,0
81,82,1,0,3,0,1,1,14.225237,-0.5511390199034565,1.0162902297926473,0.5422531807230754,203,0
82,83,1,0,3,0,0,1,11.685,-0.7986518946781193,0.855581878146651,0.6391924105314309,166,0
83,84,1,0,3,0,0,2,10.830847,-0.8522109572746512,-0.6253104219594727,0.5062698596436775,300,1
84,85,1,0,3,0,1,2,10.899153,-0.847567278477803,-1.1057060469304405,0.2910008624396101,981,2
85,86,1,0,3,0,1,1,10.374763,-0.8742416907564422,-0.6304891833207674,0.03383612629779359,472,1
86,87,1,0,3,0,1,2,10.838268,-0.8475562133178423,-1.5439855261480997,0.3177950039560282,222,0
87,88,1,0,3,0,1,2,12.4025,-0.7172307593004976,-1.486847637458119,0.4683225167972197,317,0
88,89,1,0,3,0,1,1,12.3,-0.7008469457853268,0.09727209817254545,-0.08229556492338533,168,0
89,90,1,0,3,1,0,0,11.001653,-0.8475525249311887,1.391562239826199,0.3731743120199657,179,0
90,91,0,0,1,0,1,1,12.3,-0.7521007667233757,0.2858561928957589,0.7910326633101906,307,0
91,92,0,0,2,0,0,1,12.915,-0.6333974190514392,0.1310174217438895,0.16456060101101316,898,1
92,93,0,0,3,0,0,2,15.511653,-0.40054956961138244,-0.6967744701834124,0.012598232889223536,1651,1
93,94,1,0,4,0,1,2,23.506653,0.20494336021245133,-0.9528539763191964,2.0820258935408615,734,0
94,95,1,0,5,0,1,1,16.980847,-0.32831989377446436,0.07543268503530891,2.107425884891025,167,0
95,96,1,0,6,0,1,2,16.024153,-0.3679405432071443,-0.7404485321880028,0.8353503565513609,413,2
96,97,2,0,7,0,1,2,17.9375,-0.19795017911727691,-0.11116470914727912,-0.18991988724683317,571,0
97,98,2,0,8,0,0,1,13.769153,-0.6007847042605479,1.0004966751351563,0.46828181168287647,172,0
98,99,2,0,9,0,1,1,14.0425,-0.5378977118171298,1.1970228077509906,-0.4873623340312565,879,1
99,100,1,0,10,0,1,1,17.493347,-0.22361766183949075,1.101737410119071,-0.3481101378631341,1188,0
100,101,1,0,11,0,0,1,24.421732,0.287150121947284,0.4321478638800451,1.460285800784082,855,1
101,102,1,0,12,0,1,1,20.6025,0.020985075865503022,0.5379670622201738,0.9555932643212043,257,1
102,103,1,0,4,0,1,1,16.9125,-0.2584876692623689,0.9191086527478524,0.7086963932724623,209,0
103,104,1,0,4,0,0,2,19.1675,-0.09081730037759851,-0.408931576747028,-0.7151379776172753,529,0
104,105,1,0,4,0,0,2,18.313347,-0.16764270598486844,0.2143921446718192,0.4620030477954365,642,1
105,106,1,0,4,0,1,0,17.664153,-0.22820970322318893,1.2486341433783195,1.6265051352045814,121,2
106,107,1,0,4,0,1,2,18.723347,-0.15368953927440207,-0.6987611707240379,1.246807828611116,1558,1
107,108,1,0,4,0,1,2,21.0125,0.058208273973360675,-0.3990076025836635,-0.17714865762165094,669,0
108,109,1,0,4,0,1,1,20.739153,0.006983960128540446,0.1885840947232135,-0.23409511258780227,409,0
109,110,1,0,4,0,1,2,24.395,0.2841072029580862,-0.057566672979324315,0.6202441798046661,613,0
110,111,1,0,4,0,0,2,18.825847,-0.12345952226171857,-1.0441707371397466,1.4682640031953516,745,0
111,112,1,0,4,0,0,1,13.803347,-0.6100978805608194,0.49230629967495737,0.3922548343683457,177,1
112,113,1,0,4,0,1,1,18.86,-0.13736842833234217,1.246652207107576,0.5062698596436775,1462,2
113,114,1,0,4,0,1,1,23.848347,0.2375265679101141,0.879403227554631,0.11397432016098859,1710,1
114,115,1,0,4,0,1,2,24.873347,0.32138941525240117,0.7166271827800231,0.04434822207692752,773,0
115,116,1,0,4,0,1,2,25.898347,0.393619091089319,0.490324363404214,1.480902941198918,678,0
116,117,1,0,4,0,1,1,25.42,0.323757359483995,0.9965280383237871,1.3353821574219416,547,0
117,118,1,0,4,0,0,1,25.3175,0.33772527974107536,0.35533354057907285,1.4239971913471101,569,0
118,119,1,0,4,0,0,2,20.91,0.037247172621105884,-0.8059572430599474,0.6012959490779018,878,1
119,120,1,0,4,0,1,2,19.3725,-0.0860998538476789,-0.5856097610361333,0.5505366714919189,1965,2
120,121,0,0,1,0,1,1,18.518347,-0.1444390655472413,0.6471450708268268,-0.7593640843511732,1138,0
121,122,0,0,2,0,1,1,22.515847,0.16770540855797916,0.49429300021558314,0.025226994614204565,847,2
122,123,0,0,3,0,1,1,25.283347,0.34934369769983015,0.3374675285230879,1.6454228370955881,603,2
123,124,1,0,4,0,1,1,16.980847,-0.30508305785695505,0.5280383237869273,1.5063029325490815,255,0
124,125,1,0,5,0,0,2,18.825847,-0.16762795243825418,-0.8674925528506413,1.1643392669517723,614,0
125,126,1,0,6,0,1,2,19.645847,-0.04886190219320673,-0.17270478320785435,0.48104286502947297,894,1
126,127,2,0,7,0,1,2,21.32,0.09315573751596379,-0.4049629399356585,-0.20886811797359772,1612,0
127,128,2,0,8,0,0,2,21.661653,0.11643683407331615,0.025808049948605374,-1.0821200241177802,1401,1
128,129,2,0,9,0,1,2,21.8325,0.1397216190173217,-0.17866012055984934,-0.05062698596436781,664,0
129,130,1,0,10,0,1,2,21.8325,0.1304084427170502,-0.6531004081788221,-0.6645516967672507,694,0
130,131,1,0,11,0,1,2,22.2425,0.15135479052269074,0.031763387300600354,-0.6139654159172261,550,2
131,132,1,0,12,0,1,2,21.935,0.132776386948644,0.5776677231435129,0.0884522134677959,695,0
132,133,1,0,5,0,0,1,21.0125,0.025580805635854884,1.12952739633842,-0.012720348232253239,692,1
133,134,1,0,5,0,1,1,21.354153,0.048924604766317714,1.4114149524228097,-0.46836322191156293,902,2
134,135,1,0,5,0,1,1,23.0625,0.17938652908984468,1.1473934083944048,-0.2848950952881285,1582,1
135,136,1,0,5,0,1,2,23.6775,0.23291239620649454,0.7702252189479779,-0.550577376606262,773,0
136,137,1,0,5,0,1,1,23.028347,0.18871445893673042,1.008438713027777,0.9807795538210653,678,0
137,138,1,0,5,0,1,1,22.55,0.14677381429895314,1.1612907836390207,0.20878670774491123,536,0
138,139,1,0,5,0,0,1,21.764153,0.08622525899390035,0.9687332878345556,-0.7404463824601663,735,0
139,140,1,0,5,0,0,2,22.003347,0.15372273475428452,0.44466360085899753,-0.5694849022186831,909,1
140,141,1,0,5,0,1,2,24.7025,0.31207623895212944,0.0019867005406254646,-0.6138840056885396,2258,2
141,142,1,0,5,0,1,2,24.770847,0.32138941525240117,0.587591697306877,-0.33548137613815304,1576,1
142,143,1,0,5,0,1,1,25.898347,0.3796511708322386,0.8754345907432618,0.5379893199956243,836,0
143,144,1,0,5,0,1,1,27.06,0.4331954798821562,0.5459043358429122,0.2657738678254055,659,0
144,145,1,0,5,0,1,2,27.094153,0.4727681802883399,0.33349889171171876,-0.2721340419415323,740,0
145,146,1,0,5,0,0,2,29.041653,0.6171537642291045,0.2441688314317941,0.1899605923611764,758,0
146,147,1,0,5,0,0,2,27.948347,0.5519430881939357,0.1310174217438895,0.6075645366867561,871,1
147,148,1,0,5,0,1,2,26.889153,0.4611018133030889,0.49230629967495737,0.4998282752988646,2001,2
148,149,1,0,5,1,0,2,27.3675,0.4727976873815684,0.9171219522072266,0.3354406710238098,2355,1
149,150,1,0,5,0,1,2,30.066653,0.6776580588943142,0.279900855543764,-0.5062698596436775,1549,0
150,151,1,0,5,0,1,2,31.775,0.8779042587034405,0.04962939935658529,-0.7087370983868054,673,0
151,152,0,0,1,0,0,1,31.330847,0.8616163432412622,0.2421821308911683,0.2657738678254055,513,0
152,153,0,0,2,0,1,2,29.315,0.57751836124981,-1.5305216994627093,1.132741921942855,736,1
153,154,0,0,3,0,1,2,25.42,0.36798480384698734,-1.2962768421942796,0.7341777948513117,898,1
154,155,1,0,4,0,1,2,26.035,0.3958800721079593,-0.809925879871317,-0.5885247194527197,1869,0
155,156,1,0,5,0,0,1,26.581653,0.4774229242451488,0.12506208439189453,-0.43028358744349,1685,1
156,157,1,0,6,0,1,2,27.811653,0.4960640303923063,-0.12506208439189453,-0.6012043625706296,673,0
157,158,2,0,7,0,1,2,29.0075,0.6218085081859134,-0.13498605855525903,0.06953451157678885,763,0
158,159,2,0,8,0,1,2,31.809153,0.8848974397986147,-0.019852712596610398,-0.4493641097918697,676,2
159,160,2,0,9,0,1,1,33.141653,0.9966555554018734,-0.27593221873239443,-0.31640085378977334,563,0
160,161,1,0,10,0,0,2,30.955,0.7964241091393615,-0.10124073498391463,-0.41133535671672544,815,0
161,162,1,0,11,0,1,2,29.725,0.7032775925900313,0.1349860585552587,-0.265855278054092,1729,1
162,163,1,0,12,0,1,2,28.3925,0.5752426266845555,0.5796544236841387,-0.17714865762165094,1467,0
163,164,1,0,6,0,1,2,26.035,0.42154386644351943,-0.6272971225000982,1.265674649109194,863,0
164,165,1,0,6,0,1,2,24.770847,0.3842616541492047,-0.5677437489801483,0.8986468093550529,727,0
165,166,1,0,6,0,1,2,25.693347,0.37027529195885617,-0.7364751311067518,-0.13293272716633886,769,0
166,167,1,0,6,0,0,1,25.761653,0.39827752343278156,0.2957801670591231,0.25945439882362226,545,0
167,168,1,0,6,0,0,2,26.615847,0.41685592700682833,0.5220829864349322,-0.3861490672168641,863,1
168,169,1,0,6,0,1,2,28.563347,0.5775626218896528,0.21042350786045003,-0.6265229436921064,1807,2
169,170,1,0,6,0,1,1,28.665847,0.5845410494382127,0.1925574958044651,-0.8036716013137576,1639,1
170,171,1,0,6,0,1,1,26.035,0.39827752343278156,0.5717123857915178,-0.25949510393796554,699,0
171,172,2,0,6,0,1,1,27.914153,0.5542962788789152,0.6868504960200482,-0.10125397192873561,774,0
172,173,2,0,6,0,1,2,30.066653,0.7615209062366013,0.38709692787967354,-0.08866591531809782,661,0
173,174,2,0,6,0,0,1,29.861653,0.7615356597832156,0.36724421528306284,0.5884840143383764,746,0
174,175,2,0,6,0,0,2,29.690847,0.624143256937625,-0.2521108693244145,0.41773623594719517,969,1
175,176,2,0,6,0,1,2,28.495,0.5751983660447126,-0.680895158668053,0.2910008624396101,1782,2
176,177,2,0,6,0,1,2,27.88,0.5542335763058045,-0.5379670622201734,-0.8796548206303696,1920,1
177,178,2,0,6,0,1,1,27.9825,0.5519283346473214,0.15285207061124362,-0.7468065565762929,854,0
178,179,2,0,6,0,1,2,30.510847,0.7568329667999097,0.037718724652595334,-0.37338801387026765,732,0
179,180,2,0,6,0,1,2,29.861653,0.6171537642291045,-0.6114130467148573,0.8227114185477944,848,0
180,181,2,0,6,0,0,2,28.563347,0.5519430881939357,-0.9151352516666011,0.04413452022662561,1027,0
181,182,0,0,1,0,0,2,29.6225,0.6078368995421793,-1.095782072767076,-0.7974844239335895,1246,1
182,183,0,0,2,0,1,2,30.271653,0.6637012037971944,-0.8655106165798973,-0.6707490504260045,2204,0
183,184,0,0,3,0,1,1,29.383347,0.6683743896872713,0.267990180839774,0.48727074752398425,2282,0
184,185,1,0,4,1,0,1,29.793347,0.6567264646352882,0.05558473670858027,-1.0124969789172948,3065,0
185,186,1,0,5,1,0,2,30.613347,0.7707750683504152,-0.1707180826672289,-0.5568154353793588,1031,2
186,187,1,0,6,0,1,2,29.52,0.7312908892239176,0.5578150105469021,-0.31640085378977334,784,0
187,188,2,0,7,0,0,2,30.75,0.735857111901041,0.11910674703989955,-0.22158846620585096,754,0
188,189,2,0,8,0,1,1,29.075847,0.6754118314222882,0.6272971225000985,0.44932340467752646,692,1
189,190,2,0,9,0,1,2,30.066653,0.6520827858384399,-0.08138802238730422,-0.13293272716633886,1988,0
190,191,1,0,10,0,0,2,30.6475,0.7474902834064097,-0.22828951991643462,0.025399991350163242,1743,1
191,192,1,0,11,0,1,2,31.2625,0.8942106160988861,0.045655998275334356,1.0314879500141194,723,0
192,193,1,0,12,0,1,2,32.560847,0.9291433260948747,-0.31960151646710333,0.19618847485568772,662,0
193,194,2,0,7,0,1,2,30.613347,0.745199795294541,0.025808049948605374,-0.3545618984865331,748,0
194,195,2,0,7,0,0,2,27.914153,0.5449204000055328,-0.7146404822393974,0.6074424213437267,888,0
195,196,2,0,7,0,0,2,27.196653,0.5053329460527349,-0.16674944585585938,0.018907525612421046,1318,1
196,197,2,0,7,0,1,2,28.153347,0.5565720134441697,-0.19652613261583426,0.2784942160576588,2418,2
197,198,2,0,7,0,1,2,29.485847,0.673014380097466,-0.10520937179528414,0.651872053649341,2006,1
198,199,2,0,7,0,1,2,30.613347,0.7987588578910729,0.11910674703989955,0.3544296068649176,841,0
199,200,2,0,7,0,1,2,31.843347,0.959402850200787,0.11513811022853038,-0.5126300337598043,752,0
200,201,2,0,7,0,1,2,31.501653,0.9570828549956897,0.38511022733904776,-0.6834185172653287,644,0
201,202,2,0,7,0,0,1,33.415,1.2503870500744598,0.30967754230373884,0.41769553083285194,632,0
202,203,2,0,7,0,0,2,34.781653,1.3039608662176063,-0.21836078148318872,-0.4871893372952978,562,1
203,204,2,0,7,0,1,2,34.815847,1.168932719216956,-0.6014890725514928,-0.5063105647580207,987,2
204,205,2,0,7,0,1,2,34.03,1.1340479582474636,-0.3593069416603241,-0.12012079242681342,1050,1
205,206,2,0,7,0,1,2,30.476653,0.86158314776138,0.6233237214188468,-0.917561458362484,568,0
206,207,2,0,7,0,1,2,31.638347,0.7731393241953559,-0.40694964047628396,0.19622917997003095,750,0
207,208,2,0,7,0,1,2,31.775,0.7498582276380035,-1.0640186854664755,0.025318581121476773,755,0
208,209,2,0,7,1,0,2,31.945847,0.9314485677533577,-0.2044681705084547,-0.025399991350163242,606,0
209,210,2,0,7,0,0,2,34.371653,1.1013614757235004,-0.3990076025836635,-0.06957521669113209,670,1
210,211,2,0,7,0,1,2,32.970847,0.8895374302088093,-0.7642698815959826,-0.1265725530502124,1559,2
211,212,2,0,7,0,1,2,33.039153,0.8941811090056576,-0.6928058333720429,-0.16446901450374093,1524,1
212,213,0,0,1,0,1,2,31.638347,0.7964241091393615,-0.3593069416603241,-0.24685616593439874,729,2
213,214,0,0,2,0,1,2,32.116653,0.8103625223032133,-0.6431764340154577,0.25313492982183877,801,0
214,215,0,0,3,0,1,1,29.998347,0.7102818388451666,0.14888343379987445,-0.46192163756675003,467,0
215,216,1,0,4,0,0,1,29.11,0.6544064694301909,0.6253104219594727,0.1646013061253564,799,1
216,217,1,0,5,0,1,2,29.144153,0.6240842427511679,0.021834648867354447,0.03786593261777133,1023,1
217,218,1,0,6,0,1,1,29.383347,0.6963286721347,0.6133997472554827,0.4810835701438162,1521,0
218,219,2,0,7,0,0,2,30.4425,0.8406847489822362,0.6034757730921185,0.20873582635198226,1298,1
219,220,2,0,8,0,1,2,31.365,0.7963909136594792,-0.16278080904448985,0.11397432016098859,846,0
220,221,2,0,9,0,0,2,31.775,0.873249514746631,-0.26600348029914855,-0.3038026209005498,907,0
221,222,1,0,10,0,1,2,31.433347,0.7288934378990953,-0.962777950482561,0.19622917997003095,884,2
222,223,1,0,11,0,1,2,29.4175,0.6054726436972392,-0.9647646510231864,-0.16464201123969963,812,0
223,224,1,0,12,0,0,2,29.041653,0.6147710664508964,-1.0064520124871512,-0.563297724838515,1051,0
224,225,2,0,8,0,1,1,28.119153,0.5845853100780559,0.49230629967495737,0.31016279501667626,1504,2
225,226,2,0,8,0,1,1,27.743347,0.5053956486258457,0.9111666148552316,0.4239234133273632,1338,1
226,227,2,0,8,0,1,2,27.299153,0.47507342194682295,0.4089315767470277,0.2847220985521698,775,0
227,228,2,0,8,0,1,2,28.734153,0.5845078539583305,-0.22828951991643462,0.563297724838515,721,0
228,229,2,0,8,0,1,2,29.656653,0.6613517014988686,-0.24218213089116863,-0.37965660147912217,668,0
229,230,2,0,8,0,0,2,29.178347,0.6450748511966514,0.1349860585552587,0.5315375593722254,639,0
230,231,2,0,8,0,0,1,28.085,0.5379751679368551,0.4605476766442391,-0.4240149998346354,797,1
231,232,2,0,8,0,1,2,28.5975,0.5961594673969677,0.22828951991643495,-0.7785667220425826,1914,2
232,233,2,0,8,0,1,2,29.144153,0.6940086769296027,0.6848637954794224,0.689737986267112,1249,1
233,234,2,0,8,0,1,2,28.358347,0.5565388179642875,-0.7444171689993723,0.9746330815552405,833,0
234,235,2,0,8,0,1,2,26.274153,0.4378207167457365,-0.8138945166826865,-0.34815084297747734,1281,0
235,236,2,0,8,0,1,2,27.606653,0.5286472380899693,-0.10124073498391463,0.7340455032296963,949,0
236,237,2,0,8,0,0,1,28.050847,0.5845705565314417,0.6928058333720433,0.30384332601489306,435,0
237,238,2,0,8,0,0,2,28.7,0.6357616748963795,0.6431764340154577,-0.9872262263051713,768,1
238,239,2,0,8,0,1,1,27.88,0.5465875507729477,1.066005386007101,1.9807312164977828,226,2
239,240,2,0,8,0,1,2,28.989419,0.5923346104372125,-0.30722394331471703,1.2586428406064043,1415,1
240,241,2,0,8,0,1,2,26.103347,0.444795455907643,-0.3414409296043392,-0.2152282920897242,729,0
241,242,2,0,8,0,1,2,26.205847,0.3959095792011878,-0.3712176163643141,-0.5695357836116121,775,0
242,243,2,0,8,0,1,2,26.923347,0.456461822892894,-0.13498605855525903,-0.9936291407913583,688,0
243,244,0,0,1,0,1,2,26.855,0.4704776921764711,0.061540074060575246,-0.39869641871315864,783,1
244,245,0,0,2,0,1,1,26.376653,0.43317703794888845,0.4803956249709674,-0.4176955308328522,875,0
245,246,0,0,3,0,1,2,27.435847,0.5379456608436265,0.4307709898842642,0.04426681184824105,1935,0
246,247,1,0,4,1,0,2,29.075847,0.656770725275131,0.5518596731949071,0.259413693709279,2521,2
247,248,1,0,5,0,1,1,27.606653,0.5100356390360403,0.7821358936519679,0.32280173302024306,1236,0
248,249,1,0,6,0,0,0,22.14,0.10266808669552852,1.2420785080212438,1.658407768571072,204,0
249,250,2,0,7,0,1,0,24.565847,0.20973826286209593,1.3856069024742041,-0.8543413276481857,118,2
250,251,2,0,8,0,1,0,25.990433,0.25079738308966937,1.4927172179522454,0.11980532779065356,153,0
251,252,2,0,9,0,0,1,26.65,0.33778798231418605,1.294294905923536,-0.5759366628420821,417,1
252,253,1,0,10,0,1,2,27.06,0.44481020945425725,0.6074444099034877,-0.2784942160576588,1750,1
253,254,1,0,11,0,1,2,26.786653,0.4494833953443341,0.41687361463964845,-0.6708304606546908,1633,0
254,255,1,0,12,0,0,2,26.418268,0.42329953849062024,0.31407972767433345,-0.9368485591661557,690,1
255,256,2,0,9,0,1,2,26.684153,0.4285518010853081,0.41091827728765346,-0.3986150084844722,701,0
256,257,2,0,9,0,1,2,27.606653,0.5146608758996207,0.3374675285230879,-0.13916060966085017,647,0
257,258,2,0,9,0,0,1,23.6775,0.24456400964513128,0.39503896577229436,0.9176052163604033,428,0
258,259,2,0,9,0,0,1,19.235847,-0.09549048626767535,-0.1707180826672289,-0.17088007001279668,742,1
259,260,2,0,9,0,1,1,20.158347,-0.032651442850754026,0.43870826350700254,0.08853362369648238,1434,2
260,261,2,0,9,0,1,2,20.8075,0.01170140665846006,0.32754355435972377,-0.025359286235820008,1353,1
261,262,2,0,9,0,1,1,22.515847,0.1560574835059961,0.30372220495174385,-0.2974831518987663,691,0
262,263,2,0,9,0,1,1,23.028347,0.1654333623793783,1.2148888198069754,-0.4683225167972197,438,0
263,264,2,0,9,0,1,1,24.395,0.23298985232621952,1.3042188800869001,-0.8606160210241915,539,0
264,265,2,0,9,0,0,1,25.761653,0.24932940520154737,1.3141428542502642,-0.5378163232596657,555,0
265,266,1,0,9,0,0,1,24.975847,0.12821016427152065,1.6496284465026088,-1.0441706460156053,258,1
266,267,1,0,9,0,1,1,24.873347,0.2841809706911578,1.1255587595270509,-1.044001719791081,1776,2
267,268,1,0,9,0,1,1,26.000847,0.3145179509167948,1.042184036599121,-1.3289792429357548,1544,1
268,269,1,0,9,0,1,1,26.615847,0.37502593396865824,1.0580633481144803,-0.7151379776172753,684,0
269,270,1,0,9,0,1,1,26.103347,0.32148162491874044,1.2347415324035862,-0.6391110003027444,477,0
270,271,1,0,9,0,1,1,26.035,0.323816373670452,1.060050048655106,-0.32916190713636984,480,0
271,272,1,0,9,0,0,2,25.283347,0.321433675892244,0.3473962669563345,-0.0823464463163143,653,0
272,273,1,0,9,0,0,2,23.130847,0.21195129485423975,0.10124073498391463,0.25949510393796527,830,1
273,274,0,0,1,0,1,1,16.81,-0.27479033827116106,0.6074444099034877,1.1328335084501273,480,0
274,275,0,0,2,0,0,1,14.623347,-0.5239261031733957,0.7880912310039628,0.4176141206041657,616,0
275,276,0,0,3,0,0,1,15.750847,-0.35157148323858795,0.6411897334748318,-0.9935019373090358,330,0
276,277,1,0,4,0,1,2,19.850847,-0.053505580990055056,0.3990076025836635,0.253175634936182,486,1
277,278,1,0,5,0,1,2,22.071653,0.1467000465658816,0.10322743552454043,-0.03790663773211457,559,0
278,279,1,0,6,0,0,2,20.260847,-0.02559555918246914,-0.025808049948605374,-0.4683225167972197,639,1
279,280,2,0,7,0,1,2,20.944153,0.06284826438355531,0.27593221873239476,-1.6137878398559038,949,1
280,281,2,0,8,0,1,2,21.388347,0.09544622562783259,0.3573202411196987,-1.3796062289001223,2235,0
281,282,2,0,9,0,1,2,22.174153,0.1350631866738591,0.4823823255115932,-1.1959671407964465,2397,2
282,283,1,0,10,0,1,2,23.404153,0.20492860666583682,0.5121590122715681,-1.4111526925161104,1514,0
283,284,1,0,11,0,0,1,23.233347,0.2166244807443166,0.8694792533912667,-0.38601677559524866,667,0
284,285,1,0,12,0,1,0,22.276653,0.11195175590257148,1.333995566846875,0.6835915140012871,217,2
285,286,1,0,10,0,0,1,24.155847,0.23767779176291062,1.288339568571541,-0.3987880052204309,290,0
286,287,1,0,10,0,0,1,22.584153,0.1560574835059961,0.4287842893436384,0.4366437615596165,529,1
287,288,1,0,10,0,1,2,20.773347,0.04190191657791504,-0.680895158668053,0.7846724891940644,1899,2
288,289,1,0,10,0,1,2,20.978347,0.05823778106658919,-0.6650110828828121,1.025178657290922,1748,1
289,290,1,0,10,0,1,2,21.900847,0.08616255642078963,-0.22233418256443965,-0.056946454966151056,713,0
290,291,1,0,10,0,1,1,21.8325,0.1304084427170502,0.35930694166032445,-0.7213760363903722,637,0
291,292,1,0,10,0,1,0,22.211299,0.09768138793989779,1.2814313772432264,0.6346334377249908,254,0
292,293,1,0,10,0,0,2,19.509153,-0.07686413366713214,0.047642698815959825,2.455536022754159,471,0
293,294,1,0,10,0,0,2,17.5275,-0.23520288431836306,-0.2481374682431636,0.41133535671672544,676,1
294,295,1,0,10,0,1,2,17.3225,-0.22820970322318893,0.01389737524461542,-0.8986498622386286,1499,2
295,296,1,0,10,0,1,2,17.288347,-0.23986131666182567,0.547891036383538,-0.8289850942959414,1619,1
296,297,1,0,10,0,1,2,18.996653,-0.1117488946366248,0.6947877696427867,-0.6327915313009609,699,0
297,298,1,0,10,0,1,2,19.338347,-0.08848255162588695,-0.01587931151535947,-0.14569378051293536,695,0
298,299,1,0,10,0,1,1,19.850847,-0.05354984162989809,0.44863700194024914,-0.32902961551475435,404,0
299,300,1,0,10,0,0,1,19.27,-0.11182635075634977,0.8893319659878776,0.17083936489845344,240,0
300,301,1,0,10,0,0,1,13.564153,-0.6216867914263453,-0.19255749580446477,0.4935902165257675,456,1
301,302,1,0,10,0,1,0,10.420847,-0.956957449849468,1.2208441571589705,1.7339971659064137,57,2
302,303,1,0,10,0,1,2,13.085847,-0.6124031222193024,-0.011910674703989956,-0.04434822207692752,885,1
303,304,1,0,10,0,1,2,13.94,-0.48429070019410153,0.36724421528306284,-0.7594047894655164,362,0
304,305,0,0,1,0,1,2,16.434153,-0.3329746377312735,0.273945518191769,-0.4620437529097797,410,0
305,306,0,0,2,0,0,2,15.4775,-0.35862736690687286,0.44069496404762837,-1.0062640082834906,370,1
306,307,0,0,3,0,0,2,16.741653,-0.30039511842026395,0.36128887793106784,-0.4493641097918697,318,1
307,308,1,0,4,0,1,1,16.536653,-0.3097230482671499,-0.017866012055984933,0.9240468007052159,470,0
308,309,1,0,5,0,1,2,13.393347,-0.6030899459190309,-0.5101723117309427,0.08229556492338533,1156,0
309,310,1,0,6,0,1,2,14.281653,-0.4610723062098601,0.5161276490829373,-0.9048828328724327,952,2
310,311,2,0,7,0,1,2,16.195,-0.31902147102080713,0.6312657593114677,-1.2593144749930674,373,0
311,312,2,0,8,0,0,2,16.741653,-0.2770660728364154,0.45459233929224413,-1.1391071841982745,376,0
312,313,2,0,9,0,1,2,16.4,-0.28874719336828086,0.6292790587708419,-1.20873022939876,305,1
313,314,1,0,10,1,0,1,15.58,-0.4191611686653111,0.8913139022586208,0.0823464463163143,190,0
314,315,1,0,11,0,0,2,13.290847,-0.6659289893359522,-0.8575685786872768,1.3605684469218027,440,1
315,316,1,0,12,0,1,2,14.623347,-0.47736022167203807,-0.34937820322707824,0.31634997239684437,1275,1
316,317,1,0,11,0,1,2,18.074153,-0.2095538435294172,-0.8000019057079525,1.025219362405265,1004,1
317,318,1,0,11,0,1,2,21.73,0.13738318187895643,-0.18660215845246977,1.2783542922271038,595,0
318,319,1,0,11,0,1,1,21.73,0.07455889200864935,0.2977668675997489,0.18986900585390418,449,0
319,320,1,0,11,0,1,0,18.723347,-0.1304822104501215,1.4471469765347795,-0.44924199444884,145,0
320,321,1,0,11,0,0,1,14.008347,-0.6054246946707424,-0.24020019462042458,1.2657967644522239,139,0
321,322,1,0,11,0,0,2,11.240847,-0.7916882206761737,-1.0302733618951312,-0.12661325816455563,245,1
322,323,1,0,11,0,1,2,13.495847,-0.6007699507139334,-0.5915650983881283,0.4428818203327135,943,2
323,324,1,0,11,0,1,1,18.996653,-0.11178209011650674,0.27791415500313815,0.05062698596436781,787,1
324,325,1,0,11,0,1,0,18.3475,-0.15602797641276733,1.35186157890286,-0.4367760531812319,220,0
325,326,1,0,11,0,1,0,17.083347,-0.24221081896015148,1.601985747686649,-0.6327915313009609,69,0
326,327,1,0,11,1,0,1,18.074153,-0.20960179255591366,0.6272971225000985,1.5757967390115268,112,0
327,328,1,0,11,1,0,2,15.306653,-0.42377165198227723,-0.36724421528306317,-0.13911990454650694,560,0
328,329,1,0,11,0,0,2,15.375,-0.3935268814229795,0.08337472292792969,-0.8352608052998058,1095,1
329,330,1,0,11,0,1,2,15.409153,-0.3772389659608018,0.26402154402840483,-1.145382895202139,1249,2
330,331,1,0,11,0,1,2,18.825847,-0.11642208052670164,0.3434228658750829,0.2847220985521698,810,1
331,332,1,0,11,0,1,2,20.642598,0.010170726197227338,0.5564333722812395,-0.3953789518941871,253,0
332,333,1,0,11,0,1,1,18.791653,-0.1327431914687615,0.9746886251865505,0.7847640757013363,96,0
333,334,1,0,11,0,1,2,13.325,-0.6496853345136172,-0.061540074060575246,0.9177273317034327,188,0
334,335,0,0,1,0,1,2,12.8125,-0.6705874216794149,-0.48436902605221865,0.39873712382750187,182,0
335,336,0,0,2,0,1,2,12.880847,-0.5751356634716017,-0.0019867005406254646,-0.8163512444316676,268,2
336,337,0,0,3,0,1,2,12.265847,-0.6519610690788716,-0.0635220103313193,-0.8669344723981164,706,2
337,338,1,0,4,0,1,2,13.564153,-0.5099729364629296,0.7126537816987716,-0.9872689666752317,634,0
338,339,1,0,5,0,0,1,15.819153,-0.34464100471652453,0.9568226131305656,-1.2086030259164375,233,0
339,340,1,0,6,0,1,0,18.9625,-0.11420904853455781,1.5404456736260734,0.5251773852560988,126,1
340,341,2,0,7,0,1,0,16.81,-0.3213267126792902,1.6397044723392447,0.8670189355103787,50,0
341,342,2,0,8,0,0,2,10.899153,-0.8499020272295147,-0.22034748202381418,0.6012450676849729,150,1
342,343,2,0,9,0,1,2,11.924153,-0.6263710424763829,0.331512191171093,-0.9999038341673641,261,0
343,344,1,0,10,0,1,2,11.275,-0.814958252073565,-0.5657570484395229,0.5316698509938408,502,0
344,345,1,0,11,0,1,2,9.054153,-0.8638588823266344,-0.6491317713674526,-1.1645051402927207,377,2
345,346,1,0,12,0,1,2,9.771653,-0.8010013969764452,0.2124054441311934,-1.1959671407964465,143,0
346,347,1,0,12,0,1,2,11.5825,-0.6868753371415927,-0.17270478320785435,-0.4113760618310687,155,0
347,348,1,0,12,0,1,1,13.0175,-0.5495788323489953,0.17866012055984934,-1.2213233741486909,178,0
348,349,1,0,12,0,0,1,17.3225,-0.27709926831629755,0.037718724652595334,0.8860180476300719,181,0
349,350,1,0,12,0,0,1,15.375,-0.47041498960336015,-0.5995023720108673,0.8100317754298844,178,1
350,351,1,0,12,0,1,1,10.591653,-0.8778120490371008,-0.31166424284436434,0.6328831178082331,275,2
351,352,1,0,12,0,1,2,9.771653,-0.8917984112274492,-0.1905707952638393,-0.11393361504664562,220,1
352,353,1,0,12,0,1,2,11.343347,-0.761399189477033,0.0535980361679548,-0.08221415469469885,260,0
353,354,1,0,12,0,1,1,15.819153,-0.3353130748696385,-0.14689673325924898,-1.2150904035148864,216,0
354,355,0,0,12,0,1,1,17.561653,-0.21889652692291744,1.10570604693044,0.4113760618310687,107,0
355,356,0,0,12,0,0,1,17.356653,-0.2258897080180916,0.6253104219594727,-1.360568446921803,227,0
356,357,0,0,12,0,0,2,15.306653,-0.4051748064749628,0.2858561928957589,0.949151679976391,163,1
357,358,0,0,12,1,0,2,12.4025,-0.6938685182367669,-0.3990076025836635,0.09493450292695209,155,2
358,359,0,0,12,1,0,2,11.266103,-0.764984301304306,0.262292114061385,-0.2634027949149136,303,1
359,360,0,0,12,0,1,2,13.191299,-0.6337736344901037,-0.5683440469852294,0.595210534483592,430,0
360,361,0,0,12,0,1,1,13.325,-0.5891515327551788,0.6491317713674526,0.07606768242887428,103,0
361,362,0,0,12,0,1,2,12.26433,-0.7649363522778094,-0.5828464845048076,1.1497770122954887,255,0
362,363,0,0,12,0,0,2,10.181653,-0.8242529864405688,-0.2481374682431636,-0.6264822385777634,254,0
363,364,0,0,12,0,0,2,12.778347,-0.6216867914263453,0.04962939935658529,-0.47460128068466,491,1
364,365,0,0,12,1,0,2,16.81,-0.2701503478609662,-0.04962939935658529,0.39869641871315864,665,2
365,366,0,1,1,1,0,2,15.17,-0.4121532340235227,0.31563287965573383,0.11389290993230239,686,1
366,367,0,1,2,0,1,2,11.194763,-0.8669940109821714,-1.1669888504174093,1.513110862922983,244,0
367,368,0,1,3,0,1,2,6.15,-1.33183769254531,-0.8813899280952567,1.8795179496833903,89,0
368,369,1,1,4,0,1,1,4.4075,-1.3574277191477986,-1.0084387130277768,0.03790663773211457,95,2
369,370,1,1,5,0,1,2,10.899153,-0.7706976122306902,-0.4863509623229627,-0.5188680925329011,140,0
370,371,1,1,6,0,0,2,13.700847,-0.542552455773939,-0.40099430312428896,-0.13297343228068212,307,0
371,372,2,1,7,0,1,2,16.126653,-0.3562446691286648,-0.45061893821099286,-0.06326592396793458,1070,2
372,373,2,1,8,0,1,2,13.8375,-0.5425856512538212,-0.7682385184073521,0.10753273581617563,599,0
373,374,2,1,9,0,0,1,9.190847,-0.8847904765856606,0.35930694166032445,-0.8352180649297456,106,1
374,375,1,1,10,0,1,2,12.656536,-0.6216351540131954,0.09658127903971345,0.06692938425882348,173,1
375,376,1,1,11,0,1,1,11.240847,-0.7544355154750874,1.0540947113031112,-0.5063105647580207,92,0
376,377,1,1,12,0,0,1,15.6825,-0.3888536955329026,0.8416892671719177,-8.141022868646821e-05,269,1
377,378,0,1,1,0,0,2,11.240847,-0.8778452445169829,-0.5657570484395229,2.0060803264550167,174,1
378,379,0,1,1,0,1,2,7.38,-1.1222930699825264,-0.803970542519322,0.06317433746066237,333,2
379,380,0,1,1,0,1,2,6.833347,-1.201453224341508,-0.9865992998905408,0.7152193878459614,284,1
380,381,0,1,1,1,0,2,7.79,-1.0943498526950584,-0.49429300021558314,0.5127114439884904,217,0
381,382,0,1,1,0,1,1,15.294763,-0.4539906038350002,0.4280077133529382,1.7111921255956302,127,0
382,383,0,1,1,0,1,2,12.436653,-0.7823455372826734,-0.8714659539318922,2.385869219555754,109,0
383,384,0,1,1,0,0,2,7.79,-1.0966550943535414,-0.6133997472554827,0.39873712382750187,130,0
384,385,0,1,1,0,0,1,8.9175,-0.9826101790250674,-0.8397025666312918,0.22158846620585096,115,1
385,386,0,1,1,0,1,1,7.106653,-1.152582101181667,0.9766753257271764,0.4240149998346354,67,2
386,387,0,1,1,0,1,1,6.6625,-1.199147982683025,0.809925879871317,0.18991988724683317,196,1
387,388,0,1,1,0,1,1,8.951653,-0.9010968339811064,1.357816916254855,-0.7150565673885888,145,0
388,389,0,1,1,0,1,2,14.0425,-0.5099434293697008,0.9985099745945305,-0.5821645453365931,439,0
389,390,0,1,1,0,1,2,12.060847,-0.7101748756322127,0.08337472292792969,-0.20254864897181418,467,0
390,391,0,1,1,0,0,1,14.008347,-0.484338649220598,0.6828770949387967,-1.0947559092377712,244,0
391,392,0,1,1,0,0,1,17.425,-0.2654956039041573,0.547891036383538,1.6454228370955881,269,1
392,393,0,1,1,0,1,2,12.949153,-0.5937767696187591,-0.395038965772294,0.3038026209005498,775,2
393,394,0,1,1,0,1,2,11.5825,-0.7916882206761737,-1.5007450127027344,0.6011636574562864,558,1
394,395,0,1,1,0,1,2,11.035847,-0.8289261723306456,-1.0739474238997215,0.3543074915218879,126,0
395,396,0,1,1,0,1,2,15.99,-0.39114418364477144,-0.9985099745945308,0.8226707134334509,324,0
396,397,0,1,1,0,1,2,19.235847,-0.07681618464063594,-0.5637703478988975,0.0823464463163143,304,0
397,398,0,1,2,0,0,1,16.365847,-0.3260294056625956,0.22233418256443999,0.0632150425750056,190,0
398,399,0,1,3,0,0,2,12.846653,-0.6566010594890663,-0.4744402876189728,-0.025226994614204565,310,0
399,400,1,1,4,0,1,1,10.830847,-0.7916734671295593,0.7305197937547565,-0.6012043625706296,384,1
400,401,1,1,5,0,1,1,10.899153,-0.8219329912354714,0.29379823078837974,-0.05066769107871104,318,0
401,402,1,1,6,0,0,2,11.586969,-0.7042550150532281,-0.019419164037385327,-0.2765403705691846,206,1
402,403,2,1,7,0,1,2,14.520847,-0.4656975430734405,-0.6193550846074777,-0.34188225536862304,199,1
403,404,2,1,8,0,1,1,10.523347,-0.8149250565936829,0.4605476766442391,-0.4808698682935143,109,0
404,405,2,1,9,0,1,2,10.865,-0.8312756746289716,-0.30570890549236934,0.13292255088775312,163,2
405,406,1,1,10,0,1,1,11.514153,-0.7148333079756752,-0.41091827728765346,-0.6517499383063111,227,0
406,407,1,1,11,0,0,0,9.190847,-1.0198296887462714,0.5002483375675781,1.107392811985621,192,0
407,408,1,1,12,0,1,2,5.2275,-1.4226347067963139,-0.7702252189479776,2.32260329558782,73,2
408,409,0,1,2,0,1,2,9.1225,-0.956957449849468,-1.0243180245431363,-0.13933360639680886,94,0
409,410,0,1,2,0,1,1,13.085847,-0.5658667478111733,-0.559801711087528,-0.40497518260059895,135,0
410,411,0,1,2,0,1,2,14.281653,-0.5006450066160436,-0.4526056387516183,0.006360174116126484,141,0
411,412,0,1,2,0,0,1,12.983347,-0.579823602908293,0.6034757730921185,-0.9112857473586197,74,0
412,413,0,1,2,0,0,2,14.076653,-0.5006450066160436,0.03970066092333938,0.25309422470749554,349,1
413,414,0,1,2,0,1,2,14.213347,-0.48664389087908105,-0.43672632723625887,0.10129467704307858,1435,2
414,415,0,1,2,0,1,1,11.48,-0.8172598053453944,-0.5260563875161836,0.7340862083440398,618,1
415,416,0,1,2,1,0,2,11.48,-0.7892170016182799,-0.5642038964581225,0.4895604102057898,502,0
416,417,0,1,2,0,1,2,11.800866,-0.7090978667293695,-0.1519897377626749,0.2517814847699271,163,0
417,418,0,1,2,0,1,2,16.229153,-0.3492809951267192,-0.2779141550031385,0.544390199226094,394,0
418,419,0,1,2,0,0,2,18.620847,-0.1583000225913682,-0.3414409296043392,0.1011318565857059,516,0
419,420,0,1,2,0,0,1,16.7075,-0.281768765819721,0.530025024327553,0.5758959577277386,246,1
420,421,0,1,2,0,1,2,11.924153,-0.8545604595729772,-1.0977687733077013,2.449094438409346,317,2
421,422,0,1,2,0,1,2,11.445847,-0.8079650709783909,-1.0302733618951312,0.2468154608200555,515,1
422,423,0,1,2,0,1,2,15.033347,-0.47731596103219504,-0.6451631345560831,0.8859264611227994,253,0
423,424,0,1,2,0,1,2,14.725847,-0.49365182552086945,-1.0977687733077013,0.12661325816455563,229,0
424,425,0,1,1,0,1,2,19.919153,-0.04423666532962635,-0.051611335627329336,0.4682309302899475,325,0
425,426,0,1,2,0,0,1,14.486653,-0.4703522870302494,0.14689673325924865,-0.3670685448684844,246,1
426,427,0,1,3,0,0,1,16.980847,-0.2724703430660635,-0.023821349407979912,-0.20246723874312772,956,1
427,428,1,1,4,0,1,2,13.359153,-0.679930105072915,-1.0620367491957314,1.563035685664931,710,0
428,429,1,1,5,0,1,2,9.976653,-0.9080568195963985,-0.5717123857915178,0.48727074752398425,203,0
429,430,1,1,6,0,1,2,10.591653,-0.8568952083246888,-0.8079391793306915,0.20250794385747095,221,2
430,431,2,1,7,0,1,2,16.570847,-0.37719101693430535,-0.5379670622201734,1.677091416054606,432,0
431,432,2,1,8,0,0,2,21.6275,0.1373536747857279,-0.279900855543764,2.6518160841171183,486,0
432,433,2,1,9,0,1,1,16.844153,-0.3329930796645412,-1.0441707371397466,2.3794683403252845,447,1
433,434,1,1,10,0,1,2,11.7875,-0.7730766216222448,-1.3141428542502647,0.4556428736793097,968,0
434,435,1,1,11,0,0,2,14.831299,-0.47098668953466405,-0.7112721434331088,0.4234553045124162,1658,1
435,436,1,1,12,0,1,2,19.133347,-0.10243571833635305,-0.6531004081788221,0.27209333682718906,838,1
436,437,0,1,3,0,1,2,23.165,0.20494336021245133,-0.041687361463964845,0.5696171938402985,762,0
437,438,0,1,3,0,1,2,23.4725,0.2259229034979738,-0.5677437489801483,-0.6707490504260045,997,0
438,439,0,1,3,0,1,2,22.8575,0.16767590146475064,-0.22233418256443965,-0.31640085378977334,1005,0
439,440,0,1,3,0,0,1,17.869153,-0.18860749572377666,1.0282866613545054,-0.6897786913814552,548,0
440,441,0,1,3,0,0,1,21.080847,0.06521620861514936,0.6173683840668519,-0.715097272502932,3155,1
441,442,0,1,3,0,1,1,19.3725,-0.08617730996740389,0.8754345907432618,-0.5504552612632324,2207,2
442,443,0,1,3,0,1,2,22.345,0.16766114791813638,0.4883376628635882,-0.18986900585390418,982,1
443,444,0,1,3,0,1,2,22.994153,0.18872921248334468,0.8655106165798976,-0.6075645366867564,1051,0
444,445,1,1,3,0,1,1,21.798347,0.09550523981428988,0.9290326269112166,-0.9302818065947372,1122,0
445,446,1,1,3,0,1,2,22.720847,0.163035911054556,0.9766753257271764,-0.645308353961498,1334,0
446,447,1,1,3,0,0,1,24.668347,0.3050387972171125,0.3235749175483546,-0.658150817536781,2469,0
447,448,1,1,3,0,0,1,20.6025,-0.002329216171731293,1.2347415324035862,0.12016149754115665,1033,1
448,449,1,1,3,0,1,1,17.9375,-0.18396381692692831,1.2129021192663496,0.4050158877149422,1532,2
449,450,1,1,3,0,1,2,18.279153,-0.17930907297011944,-0.7066984443467769,2.094746241773115,795,1
450,451,1,1,3,0,1,2,13.256653,-0.6333347164783285,-1.601985747686649,0.06326592396793458,531,0
451,452,1,1,3,0,1,2,19.850847,-0.06054302272507225,-0.6908191328314174,1.1264733343340008,674,0
452,453,1,1,3,0,1,2,20.260847,-0.018665080660405443,-0.8913139022586212,1.4111954328861707,834,0
453,454,1,1,3,0,0,1,15.17,-0.4121532340235227,-0.21637884521244466,-0.4366437615596165,796,0
454,455,1,1,3,1,0,1,17.390847,-0.24216655832030873,0.5339936611389222,0.7086963932724623,2301,1
455,456,0,1,1,0,1,1,17.459153,-0.25847291571575437,0.2382134940797991,-0.08861503392516884,2347,0
456,457,0,1,2,0,1,2,17.790433,-0.22075547379631805,-0.5807740271063133,1.3347614044282075,1208,2
457,458,0,1,3,0,1,2,19.133347,-0.09546097917444685,-1.0937953722264504,-0.822670713433451,1348,2
458,459,1,1,4,0,1,2,22.208347,0.1699811431232337,-0.7464038695399977,0.0,1058,0
459,460,1,1,5,0,0,2,17.835,-0.2072928625107769,-1.20099144456236,0.3923362445970322,1192,0
460,461,1,1,6,0,1,2,16.536653,-0.35628892976850757,-1.187098833587626,1.2151799547664417,1807,1
461,462,2,1,7,0,1,2,17.9375,-0.2258602009248628,-1.772703830353878,0.9555118540925178,3252,0
462,463,2,1,8,0,0,2,20.5,0.018665080660405706,-1.6694811590992193,0.5253096768777142,2230,1
463,464,2,1,9,0,1,2,20.055847,-0.039563479439549507,-1.4709683259427595,1.8034502672545163,905,0
464,465,1,1,10,0,1,2,18.313347,-0.1885927421771624,-0.9111666148552316,0.6960574552688953,819,0
465,466,1,1,11,0,1,2,14.296536,-0.5535917970280825,-0.7464896263978665,1.1631384660786472,482,2
466,467,1,1,12,0,1,2,16.2975,-0.3679552967537588,-0.7622831810553572,1.1138343963304336,663,0
467,468,1,1,4,0,0,2,18.1425,-0.20491385311922256,-1.0382153997877517,-0.2595358090523088,1252,0
468,469,1,1,4,0,0,2,20.295,0.002329216171731293,-0.5875916973068773,0.10117256170004915,2795,1
469,470,1,1,4,0,1,2,24.873347,0.3190841735939181,-0.5637703478988975,0.44932340467752646,2846,2
470,471,1,1,4,0,1,2,27.230847,0.47049244572308535,-0.3076908417631134,1.0568472362499393,1198,1
471,472,1,1,4,0,1,2,24.941653,0.40986274591165417,-1.1235720589864253,0.9428729160889507,989,0
472,473,1,1,4,0,1,1,18.996653,-0.11185585784957829,-0.2719588176511435,-0.13293272716633886,347,0
473,474,1,1,4,0,1,2,20.431653,0.02095556877227451,-0.06550871087194475,-1.1707381109265247,846,0
474,475,1,1,4,0,0,2,21.593347,0.10478890902133284,0.325556853819098,-0.31652296913280303,1340,0
475,476,1,1,4,0,0,2,23.37,0.20491385311922256,0.2699768813803998,1.0442082982463727,2541,1
476,477,1,1,4,0,1,0,16.263347,-0.36094736211197015,0.9965280383237871,1.6645440645583114,120,2
477,478,1,1,4,0,1,1,13.188347,-0.6869232861680891,0.6689844839640633,1.246807828611116,195,1
478,479,1,1,4,0,1,2,16.946653,-0.3027483091052435,-0.8198498540346815,0.6961388654975817,518,0
479,480,1,1,4,0,1,2,19.543347,-0.06287777147678382,-0.9449119384265761,-0.6327915313009609,655,0
480,481,1,1,4,0,1,1,20.431653,-0.01394763413048583,0.6213417851481035,-0.04426681184824105,475,0
481,482,1,1,4,0,0,2,18.7575,-0.12808844751195264,-1.0739474238997215,1.6959582365526837,1014,0
482,483,1,1,4,0,0,1,15.443347,-0.405208001954845,-0.651118471908078,-0.5189902078759308,1120,1
483,484,1,1,4,0,1,2,18.791653,-0.13736842833234217,-0.18660215845246977,-0.6519636401566129,2229,2
484,485,1,1,4,0,1,1,19.030847,-0.10942889943152748,-0.267990180839774,-0.09501591315563856,665,1
485,486,0,1,1,0,0,1,25.146653,0.3306878380060584,0.1588074079632386,-0.253175634936182,653,0
486,487,0,1,2,0,1,2,23.130847,0.18637971018501884,0.8138945166826862,-0.4367353480668887,667,1
487,488,0,1,3,0,1,1,22.96,0.18396750531358227,0.6769217575868016,-0.48112427525815943,764,1
488,489,1,1,4,0,1,2,25.7275,0.3819416589441074,0.5201010501641888,-0.18354953685212094,1069,0
489,490,1,1,5,0,0,1,25.488347,0.3586716275467159,0.6213417851481035,-0.2847628036665133,2496,1
490,491,1,1,6,0,1,1,23.0625,0.21898873658925666,0.541935699031543,-0.31644155890411657,2135,0
491,492,2,1,7,0,1,1,22.0375,0.14671480011249585,0.18064682110047514,0.5062291545293343,1008,0
492,493,2,1,8,0,1,1,23.848347,0.2585798789287084,0.28386949235513315,1.1708215564109286,738,2
493,494,2,1,9,0,1,1,23.575,0.24218131186692324,0.5617884116281537,0.3606167842450854,620,0
494,495,1,1,10,0,0,2,20.739153,0.01629713642881192,-0.3533516043083292,1.354340564427292,1026,0
495,496,1,1,11,0,1,2,21.866653,0.12344476871510457,-1.2665001554343047,0.5694849022186831,1319,1
496,497,1,1,12,0,1,2,23.130847,0.21190703421439672,-0.694787769642787,-0.5886163059599918,2622,0
497,498,1,1,5,0,1,2,25.1125,0.3609953111384669,-0.2382134940797991,0.44920128933449677,2172,2
498,499,1,1,5,0,1,1,23.506653,0.23065510357450794,0.7781624925707163,0.32276102790589983,342,1
499,500,1,1,5,0,1,1,25.078347,0.32841210344080385,0.8019838419786962,-0.3417499637470076,625,0
500,501,1,1,5,0,1,2,26.103347,0.4005975186378789,0.3414409296043395,-0.5949357749617753,991,0
501,502,1,1,5,0,1,2,24.326653,0.31442942963710896,-0.5062036749195731,0.4935495114114243,1242,0
502,503,1,1,5,0,0,2,23.130847,0.2351586236785203,-0.49032436340421365,-0.4493641097918697,1521,0
503,504,1,1,5,0,0,2,24.6,0.2933871837784758,-0.809925879871317,-0.9870990228228489,3410,1
504,505,1,1,5,0,1,2,25.454153,0.3563073717017758,-0.45657427556298785,0.7468574379692218,2704,2
505,506,1,1,5,0,1,1,24.531653,0.2888098959413916,0.8813899280952567,0.5314968542578821,630,1
506,507,1,1,5,0,1,1,25.215,0.34471846083624974,0.6650110828828117,-0.6391517054170875,819,0
507,508,1,1,5,0,1,1,25.488347,0.3586863810933301,0.7066984443467765,-0.8036716013137576,766,0
508,509,1,1,5,0,1,2,26.855,0.4401554654974484,0.4307709898842642,-0.08221415469469885,1059,0
509,510,1,1,5,0,0,2,27.88,0.516980871104718,0.575681022602887,-0.4113760618310687,1417,0
510,511,1,1,5,0,0,2,28.3925,0.5729226314794581,0.5062036749195731,0.18334601128040476,2855,1
511,512,1,1,5,0,1,2,28.29,0.568234692042767,0.3374675285230879,0.3479880225201044,3283,2
512,513,1,1,5,0,1,2,29.2125,0.7079323365468407,0.2382134940797991,0.15820042689488667,2557,1
513,514,1,1,5,1,0,2,29.6225,0.6846659935361027,0.27791415500313815,1.1644206771804582,880,0
514,515,1,1,5,0,1,1,26.923347,0.4564913299861228,0.20843680731982422,-0.4746826909133465,745,0
515,516,1,1,5,0,1,2,27.88,0.5309967403882951,-0.6352343961228372,0.1455614888913199,1100,0
516,517,0,1,1,0,0,1,26.820847,0.44481020945425725,0.6153864477961085,0.5758552526133957,533,1
517,518,0,1,2,0,1,2,23.916653,0.2911003840532604,-0.36724421528306317,0.05685486845887885,2795,0
518,519,0,1,3,0,1,2,24.7025,0.32372416400411275,-0.6332524598520931,0.031668578959017514,2494,0
519,520,1,1,4,0,0,2,24.4975,0.3353425819628673,-0.663029146612068,1.0568879413642829,1071,0
520,521,1,1,5,0,1,1,22.174153,0.14210431679552973,-0.061540074060575246,0.29104156755395333,968,2
521,522,1,1,6,0,1,2,22.720847,0.20259385791412524,-0.07146404822393973,-1.0568065311355963,1027,0
522,523,2,1,7,0,0,2,24.7025,0.30273355555862946,-0.2818875560843894,-0.24041458158958554,1038,0
523,524,2,1,8,0,1,2,26.615847,0.4075575042531711,-0.7543411431627367,-0.056905749851808095,1488,1
524,525,2,1,9,0,1,2,29.144153,0.5938394721918698,-0.9012426406918671,-0.3733473087559244,2708,0
525,526,1,1,10,0,0,2,29.793347,0.6497185299934992,-0.4188603151802739,-0.4808698682935143,2224,1
526,527,1,1,11,0,1,1,29.554153,0.6357174142565367,-0.18262875737121884,0.27209333682718906,1017,0
527,528,1,1,12,0,1,1,26.786653,0.4076054532796676,0.9865992998905405,0.3416278484039779,477,0
528,529,1,1,6,0,1,2,26.889153,0.45644706934627977,-0.2104235078604497,1.6516507195900996,1173,0
529,530,1,1,6,0,1,2,26.581653,0.5053772066925778,-0.2699768813803995,0.7404056773458231,1180,0
530,531,1,1,6,0,0,2,26.205847,0.414535931801731,-0.17469148374847981,-0.04434822207692752,1563,0
531,532,1,1,6,0,0,2,25.898347,0.39592433274780203,-0.5816363599548824,-0.14560219400566313,2963,1
532,533,1,1,6,0,1,2,24.2925,0.31207623895212944,-0.1310174217438895,-0.3670685448684844,2634,2
533,534,1,1,6,0,1,1,23.301653,0.2119992438807362,0.7225825201320182,-0.06338803931096428,653,1
534,535,1,1,6,0,1,2,28.221653,0.6171685177757187,0.30372220495174385,-0.33538978963088084,968,0
535,536,1,1,6,0,1,2,32.0825,0.8616458503344908,-0.16278080904448985,-0.6834693986582577,872,0
536,537,2,1,6,0,1,2,33.039153,0.9780771518278264,-0.2779141550031385,-0.63284241269389,778,0
537,538,2,1,6,0,0,2,31.8775,0.873249514746631,-0.25012416878378907,0.018999112119693254,964,0
538,539,2,1,6,0,0,2,29.998347,0.6101605831339303,-0.43672632723625887,-0.012761053346596472,2657,1
539,540,2,1,6,0,1,2,30.476653,0.6893207374929116,-0.7007431069947819,-0.36074907586670085,2551,2
540,541,2,1,6,0,1,2,29.349153,0.6147710664508964,-0.5816363599548824,1.2151290733735127,1139,1
541,542,2,1,6,0,1,2,25.864153,0.3959095792011878,-1.204964845643611,1.6960498230599563,1077,0
542,543,2,1,6,0,1,2,28.5975,0.5658999432910554,-1.2684868559749303,0.924006095590873,1077,0
543,544,2,1,6,0,1,2,30.715847,0.6939607279031061,-0.9707199883751814,-0.09489379781260886,921,0
544,545,2,1,6,0,0,2,34.200847,1.1037441735017084,-0.6550871087194475,-0.15832254223791636,829,0
545,546,2,1,6,0,0,2,31.365,0.7382066141993667,-0.11910674703989955,-0.20254864897181418,1455,1
546,547,0,1,1,0,1,2,33.449153,0.9710212681595415,-0.5121590122715681,-0.12665396327889886,1421,2
547,548,0,1,2,0,1,2,32.048347,0.791798872275781,-0.8535999418759073,0.1454393735482902,904,0
548,549,0,1,3,0,1,2,32.014153,0.7940561649077676,-0.639207797204088,-0.5570291372296607,1052,0
549,550,1,1,4,1,0,2,32.355847,0.903553299492386,-0.41687361463964845,-0.46836322191156293,2562,1
550,551,1,1,5,1,0,2,33.9275,1.0106271640456075,-0.8019838419786965,0.13284114065906666,1405,1
551,552,1,1,6,0,1,2,33.961653,0.9780439563479442,-0.8357339298199223,-0.3544703119792608,1366,0
552,553,2,1,7,0,0,2,35.328347,1.1712416492620925,-0.639207797204088,-0.1772809492432664,1448,1
553,554,2,1,8,0,1,2,33.7225,1.1176973402121746,-0.25012416878378907,-0.5632163146098289,1203,0
554,555,2,1,9,0,0,1,29.144153,0.6148153270907392,0.27195881765114316,0.0,998,0
555,556,1,1,10,0,1,1,29.554153,0.6544359765234194,0.19652613261583426,-0.29753403329169553,954,2
556,557,1,1,11,0,1,2,29.383347,0.6008621603802731,0.0337453235713444,-0.2975747384060385,975,0
557,558,1,1,12,0,0,2,29.349153,0.6171353222958366,-0.46054767664423873,-0.34802872763444764,1032,0
558,559,2,1,7,0,0,1,29.998347,0.6660064454556774,-0.668984483964063,-1.0188998934034819,1511,0
559,560,2,1,7,0,0,1,28.836653,0.6590317062937713,0.3473962669563345,-0.3795344861360925,2355,1
560,561,2,1,7,0,1,2,30.579153,0.803446797327764,0.4367263272362592,-0.14560219400566313,1920,2
561,562,2,1,7,0,1,2,31.296653,0.8732642682932453,0.08933006027992467,-0.17083936489845344,1088,1
562,563,2,1,7,0,1,2,33.551653,0.9896623743066987,-0.5736990863321434,-0.6771906347708174,921,0
563,564,2,1,7,0,1,2,32.526653,0.9524096691056128,-0.2342448572684296,-0.443003935675743,799,0
564,565,2,1,7,0,1,2,31.57,0.8382872976574139,-0.12307538385126907,-0.15820042689488667,888,0
565,566,2,1,7,0,0,1,27.299153,0.46348451108129696,1.038215399787752,0.2848543901737853,747,0
566,567,2,1,7,0,0,0,24.429153,0.23069936421435072,1.1394561347716665,0.3289482052860679,1264,1
567,568,2,1,7,0,1,1,27.3675,0.5007372162823831,0.6491317713674526,-0.8858877912641737,2544,2
568,569,2,1,7,0,1,2,30.408347,0.7474607763131812,0.3235749175483546,-0.4303751739507622,1135,1
569,570,2,1,7,0,1,2,30.784153,0.8080720341913444,0.1369727590958845,0.31016279501667626,1140,0
570,571,2,1,7,0,1,2,29.690847,0.6148153270907392,-0.8397025666312918,-0.1646013061253564,1383,0
571,572,2,1,7,0,1,2,31.843347,0.929099065455032,-0.140941395907254,1.056684415792567,1036,0
572,573,2,1,7,0,0,2,32.048347,0.9104874664011032,-0.15087013434049992,-0.2847628036665133,1259,0
573,574,2,1,7,1,0,2,30.989153,0.7754445658538389,-0.061540074060575246,-0.24041458158958554,2234,1
574,575,2,1,7,0,1,2,29.588347,0.6660064454556774,-0.011910674703989956,-0.10765485115920533,2153,2
575,576,2,1,7,0,1,2,29.964153,0.7289081914457095,0.20248146996782926,-0.2784026295503866,1040,1
576,577,2,1,7,0,1,2,29.246653,0.6474280418816305,0.37121761636431444,-0.1582411320092299,968,0
577,578,0,1,1,0,1,2,29.4175,0.6637012037971944,0.2441688314317941,-0.40497518260059895,1074,1
578,579,0,1,2,0,1,2,30.8525,0.810425224876324,0.1588074079632386,-0.5253096768777142,983,0
579,580,0,1,3,0,1,1,31.399153,0.8686242778830506,0.07741938557593471,0.3543074915218879,1328,0
580,581,1,1,4,0,1,2,32.526653,0.973374458844521,-0.061540074060575246,0.7783123150779376,2345,2
581,582,1,1,5,0,1,2,31.535847,0.8989133090821915,0.12506208439189453,1.1137529861017477,1707,0
582,583,1,1,6,0,0,1,30.8525,0.8220731499283076,0.1330041222845153,-0.5253096768777142,1233,0
583,584,2,1,7,0,1,1,30.169153,0.7755072684269496,0.3692309158236886,-0.6519636401566129,1278,2
584,585,2,1,8,0,1,1,30.75,0.8127452200814212,0.22233418256443999,-0.7151379776172753,1263,0
585,586,2,1,9,0,0,2,30.989153,0.7824672540422416,-0.027789986219349423,-0.25313492982183877,1196,1
586,587,1,1,10,0,1,1,29.349153,0.6660396409355597,0.4267975888030126,0.5885756008456489,1065,1
587,588,1,1,11,0,1,1,28.3925,0.556586766990784,0.508190375460199,0.2595358090523085,2247,0
588,589,1,1,12,0,0,2,28.734153,0.5798678635481358,-0.45657427556298785,-0.5949357749617753,2182,1
589,590,2,1,8,0,1,2,29.554153,0.6450600976500367,-0.3851102273390481,-0.4555207583362803,1207,1
590,591,2,1,8,0,1,2,29.793347,0.698633913793183,0.28784289343638475,-0.12025308404842887,1128,0
591,592,2,1,8,0,1,2,28.973347,0.6147526245176285,-0.031763387300600354,-0.11401502527533208,1198,0
592,593,2,1,8,0,1,2,29.485847,0.6171537642291045,-0.5101723117309427,-0.39869641871315864,1338,0
593,594,2,1,8,0,0,2,29.656653,-0.9035237923991575,-0.2640215440284045,0.5126707388741475,1483,0
594,595,2,1,8,0,0,2,27.811653,0.48209611013522563,-0.10918277287653506,-0.03162787384467428,2827,1
595,596,2,1,8,0,1,1,26.069153,0.4285518010853081,0.4069496404762843,-0.9619127333229874,1208,2
596,597,2,1,8,0,1,1,26.069153,0.4005680115446504,0.5141457128121939,-0.5189495027615876,1026,1
597,598,2,1,8,0,1,2,26.615847,0.4192238712384221,0.22630281937580915,-1.1011160833538978,1081,0
598,599,2,1,8,0,1,2,27.3675,0.496049276845692,0.2421821308911683,-1.1264295763360819,1094,0
599,600,2,1,8,0,1,2,28.529153,0.5519430881939357,0.045655998275334356,-0.9807815890767825,1363,0
600,601,2,1,8,0,0,1,28.8025,0.589166286301793,-0.0535980361679548,-1.1074762574700245,1325,0
601,602,2,1,8,0,0,1,27.128347,0.4844013517937087,0.4129049778282793,0.6455118795332142,1829,1
602,603,2,1,8,0,1,1,26.786653,0.4006749747576041,1.0461526734104902,0.48727074752398425,1483,2
603,604,2,1,8,0,1,2,28.836653,0.6171537642291045,0.496279700756209,-0.5316291458794975,989,1
604,605,2,1,8,0,1,2,29.861653,0.6590612133869997,-0.02977668675997489,0.10125397192873561,935,0
605,606,2,1,8,0,1,2,28.085,0.5472403952106303,-0.3533516043083292,-0.6961897468905108,1177,0
606,607,2,1,8,0,1,2,28.973347,0.6101126341074339,-0.1707180826672289,-1.0568909942478586,1172,0
607,608,2,1,8,0,0,2,31.330847,0.7451850417479267,-0.1846154579118443,-0.12661325816455563,1433,0
608,609,0,1,1,0,1,1,30.886653,0.7940709184543818,0.057566672979324315,-0.6898295727743842,2352,0
609,610,0,1,2,0,0,1,28.563347,0.596174220943582,0.8992559401512417,-1.1896497070503802,2613,0
610,611,0,1,3,0,0,2,29.0075,0.6427548559915536,0.7841178299227113,-0.3038026209005498,1965,0
611,612,1,1,4,1,0,2,29.759153,0.7359198144741517,0.6133997472554827,0.5632163146098289,867,1
612,613,1,1,5,0,1,2,30.203347,0.817414717584845,0.547891036383538,0.06953451157678885,832,0
613,614,1,1,6,0,0,1,28.563347,0.6195180200740446,0.8774212912838876,-0.3923362445970322,611,1
614,615,2,1,7,0,1,2,28.836653,0.6264337450494938,0.524069686975558,-0.09493450292695209,1045,1
615,616,2,1,8,0,1,1,27.025847,0.456461822892894,0.8238232551159328,1.0189405985178248,1557,0
616,617,2,1,9,0,1,2,25.01,0.33771052619446107,-0.3751862531756836,0.4428818203327135,2570,2
617,618,1,1,10,0,1,2,23.916653,0.28876194691489515,-0.5836230604955078,0.7910835447031196,1118,0
618,619,1,1,11,0,0,2,23.6775,0.24685449775700008,-0.5062036749195731,-0.9048828328724327,1070,0
619,620,1,1,12,0,1,2,24.565847,0.30506830431034104,-0.2342448572684296,-0.4999503906418943,1050,2
620,621,2,1,9,0,1,2,25.1125,0.3400452749461729,0.051611335627329336,-0.9998621114251623,1054,0
621,622,2,1,9,0,0,2,25.966653,0.393619091089319,0.22034748202381418,-0.7847131943084074,1379,0
622,623,2,1,9,0,0,2,24.941653,0.3633153063435642,-0.5935470346588724,0.6771906347708174,3160,1
623,624,2,1,9,0,1,2,23.78,0.2794340170680094,-0.267990180839774,-0.9239216324786107,2166,2
624,625,2,1,9,0,1,1,23.814153,0.24227352153326248,0.5161276490829373,-0.2974831518987663,1022,1
625,626,2,1,9,0,1,1,25.556653,0.28659686394924805,1.1732014583430106,1.7972529135957624,371,0
626,627,2,1,9,0,1,2,22.6525,0.1956301839121796,-0.42679758880301294,0.34802872763444764,788,0
627,628,2,1,9,0,1,2,22.413347,0.16534115271303906,-0.037718724652595334,-0.6391517054170875,939,0
628,629,2,1,9,0,0,2,24.565847,0.3120614854055152,0.20248146996782926,-0.2721747470558755,1250,0
629,630,2,1,9,0,0,2,26.65,0.4541270741411824,0.09727209817254545,1.0441675931320293,2512,1
630,631,1,1,9,0,1,2,21.695847,0.11643683407331615,-0.7583145442439877,0.4302835874434897,2454,2
631,632,1,1,9,0,1,2,21.080847,0.0558735252216491,-0.6352343961228372,-0.39250924133299087,1001,1
632,633,1,1,9,0,1,2,22.55,0.20955384352941744,-0.267990180839774,0.5632163146098289,845,0
633,634,1,1,9,0,1,2,26.035,0.4029507093228584,0.021834648867354447,0.6454304693045277,787,0
634,635,1,1,9,0,1,1,26.65,0.4448581584807537,0.30769084176311307,-0.47455039929173104,751,0
635,636,1,1,9,0,0,1,25.385847,0.36330055279694995,0.30372220495174385,-0.1709207751271399,1045,0
636,637,1,1,9,0,0,2,22.2425,0.1583479716178649,-0.397020902043038,0.4745096941773878,2589,1
637,638,1,1,9,0,1,2,21.593347,0.11175258302327848,-0.2044681705084547,-0.46828181168287675,2015,2
638,639,0,1,1,0,1,1,21.354153,0.09086524940409524,0.10918277287653541,-0.9176031811046859,763,0
639,640,0,1,2,0,0,0,24.224153,0.20274508176692177,1.1692328215316414,-0.7784853118138961,315,1
640,641,0,1,3,0,0,1,26.9575,0.4122454436898622,0.798015205167327,-1.1644634175505189,728,1
641,642,1,1,4,0,1,1,26.9575,0.4448581584807537,0.4605476766442391,-0.6454711744188709,891,0
642,643,1,1,5,0,1,2,25.215,0.3423652701512702,0.005955337351994978,-0.7594047894655164,1516,0
643,644,1,1,6,0,1,2,22.720847,0.1886849518435019,0.18064682110047514,0.8858450508941129,3031,2
644,645,2,1,7,0,1,1,17.049153,-0.24915605102882946,0.39106556469104276,-0.4051481793365576,781,0
645,646,2,1,8,0,0,1,15.716653,-0.3679405432071443,0.3970209020430377,0.08857432881082561,874,0
646,647,2,1,9,0,1,1,18.313347,-0.18166226365509897,0.6451631345560834,0.09489379781260886,601,1
647,648,1,1,10,0,1,2,21.080847,0.05819352042674642,0.021834648867354447,0.06966680319840429,780,0
648,649,1,1,11,0,0,2,17.835,-0.20727810896416263,-0.7761805562999726,0.00631946900178325,834,1
649,650,1,1,12,0,1,2,17.9375,-0.20025542077575997,-0.414886914099023,0.5507096682278773,1060,1
650,651,1,1,10,0,0,2,16.126653,-0.3539689345634103,-0.6272971225000982,-0.3544703119792608,2252,1
651,652,1,1,10,0,1,2,21.388347,0.0768641336671324,0.06749541141257057,0.9935813122820047,2080,2
652,653,1,1,10,0,1,1,23.028347,0.19100494704859922,0.38709692787967354,1.170902966639615,760,1
653,654,1,1,10,0,1,2,19.201653,-0.09781048147277267,-0.32357491754835427,0.012679643117910004,922,0
654,655,1,1,10,0,1,2,18.689153,-0.13741637735883838,0.3176195801963596,-0.8100724805442273,979,0
655,656,1,1,10,0,1,1,21.4225,0.0931704910625783,0.4863509623229624,0.5694849022186831,1008,0
656,657,1,1,10,0,0,1,23.096653,0.18637971018501884,0.8992559401512417,-0.4683225167972197,753,0
657,658,1,1,10,0,0,2,19.850847,-0.053564595176512346,-0.25409280559515857,-0.6455627609261432,2806,1
658,659,1,1,10,0,1,2,19.030847,-0.11410208532160432,-0.5538463737355329,-0.15184025277876018,2132,2
659,660,1,1,10,0,1,2,19.9875,-0.01631188997542618,-0.27593221873239443,-1.012455256175093,830,1
660,661,1,1,10,0,1,2,22.310847,0.15837747871109342,0.07345074876456553,-0.8795276171480471,841,0
661,662,1,1,10,0,1,2,24.0875,0.2631903622456745,0.047642698815959825,-1.101030602613777,795,0
662,663,1,1,10,0,1,1,22.55,0.15610543253249257,0.8297785924679277,-0.5759773679564251,875,0
663,664,1,1,10,0,0,1,22.379153,0.13051540593000371,0.861537215498646,-0.49363092164011074,1182,0
664,665,1,1,10,0,0,1,21.73,0.10242096478973906,0.44665030139962336,0.5568154353793588,2643,1
665,666,1,1,10,0,1,1,19.5775,-0.07226840389678055,0.325556853819098,2.208588270312488,998,2
666,667,1,1,10,0,1,0,18.04,-0.17691162164529714,1.2089334824549804,1.8034909723688597,2,1
667,668,1,1,10,0,1,1,13.045462,-0.6545244978031048,0.9490663817633278,0.32598690821759946,87,0
668,669,1,1,10,0,1,1,14.6575,-0.46571229662005476,0.1925574958044651,-0.14560219400566313,419,0
669,670,0,1,1,0,1,1,14.999153,-0.43309958182916325,-0.21240544413119375,-0.24045528670392877,466,0
670,671,0,1,2,0,1,2,14.555,-0.4843681563138265,-0.49627970075620864,0.8670189355103787,618,2
671,672,0,1,3,0,1,1,14.076653,-0.6031194530122594,-0.6431764340154577,0.911326452472963,1029,2
672,673,1,1,4,0,1,2,13.359153,-0.5821251561801224,-0.44466360085899787,-0.018999112119693524,1201,0
673,674,1,1,5,0,0,2,13.085847,-0.6612889989257574,-0.6292790587708422,0.5632570197241719,378,0
674,675,1,1,6,0,1,2,11.514153,-0.7590607523386678,-0.2818875560843894,-0.07593539080725883,466,1
675,676,2,1,7,0,1,1,12.129153,-0.7846802860343851,-0.3751862531756836,1.2530357111056274,326,0
676,677,2,1,8,0,0,2,14.439134,-0.5365625158485363,-1.394844821774619,1.698013844827016,340,1
677,678,2,1,9,0,1,2,14.828347,-0.4866881515189238,-0.40694964047628396,0.3417499637470076,709,0
678,679,1,1,10,1,0,2,15.955847,-0.3445967440766815,0.09131676082055047,-1.252997041247001,2090,0
679,680,1,1,11,0,1,2,17.254153,-0.24214811638704076,0.15682547169249522,-0.5441764973757921,2290,2
680,681,1,1,12,0,1,2,19.885,-0.04419240468978358,0.5498777369241638,-0.0758946856929156,1097,0
681,682,1,1,11,0,1,1,14.076653,-0.6054099411241283,0.17469148374848015,1.639103368093805,327,0
682,683,1,1,11,0,1,2,11.855847,-0.759075505885282,-0.3533516043083292,0.18978759562521771,373,0
683,684,1,1,11,0,1,1,13.188347,-0.6007367552340513,-0.027789986219349423,-0.28481368505944227,320,0
684,685,1,1,11,0,0,2,14.145,-0.5169661175581037,-0.48436902605221865,-0.10125397192873561,484,0
685,686,1,1,11,0,0,2,13.325,-0.593762016072145,-0.3851102273390481,-0.012679643117910004,1313,1
686,687,1,1,11,0,1,2,14.0425,-0.5518508785275962,0.3176195801963596,0.47459110440607427,922,2
687,688,1,1,11,0,1,1,15.614153,-0.4121532340235227,-0.01389737524461542,0.5504552612632324,449,1
688,689,1,1,11,0,1,1,15.340847,-0.393541634969594,0.279900855543764,-0.999819371055102,534,0
689,690,1,1,11,0,1,2,14.486653,-0.45172593442970643,-0.05955337351994978,-0.7909919581958476,615,0
690,691,1,1,11,0,1,2,13.94,-0.5052849970262382,-0.21836078148318872,-1.3036240272113688,955,0
691,692,1,1,11,0,0,2,15.101653,-0.40050530897153963,-0.273945518191769,-0.3353490845165376,1603,0
692,693,1,1,11,0,0,2,11.411653,-0.8801320442421982,-1.0560814118437365,1.9934922698443793,532,1
693,694,1,1,11,0,1,2,10.079153,-0.8475230178379601,-0.7523592068919926,-0.31012208990233303,309,2
694,695,1,1,11,0,1,2,12.846653,-0.5472108881174015,-0.43275292615500793,-1.3669286210379294,337,1
695,696,1,1,11,0,1,1,11.958347,-0.75909394781855,0.764269881595983,0.5758450763348096,123,0
696,697,1,1,11,1,0,2,12.163347,-0.728834423712638,-0.5717123857915178,0.30372121067186336,198,0
697,698,1,1,11,1,0,2,11.51567,-0.6968929952926968,-0.33634792510091327,-0.6660679622765353,243,0
698,699,1,1,11,0,0,2,12.231653,-0.6030419968925345,0.11116470914727877,-1.2466368671308745,362,0
699,700,0,1,1,0,0,1,12.231653,-0.6287242331613624,0.8595552792279026,-1.2340854451231458,951,0
700,701,0,1,2,0,1,1,14.2475,-0.4726907241686147,0.9389566010745807,-0.5759366628420821,892,1
701,702,0,1,3,0,1,2,18.5525,-0.11643683407331588,0.6729531207754325,-0.9998621114251623,555,1
702,703,1,1,4,0,1,2,19.509153,-0.06753620382024642,0.5121590122715681,-0.06966680319840429,551,0
703,704,1,1,5,0,0,2,17.971653,-0.21891496885618514,-0.6729531207754325,1.4556759465847136,331,1
704,705,1,1,6,0,1,2,10.489153,-0.8452325297260914,-0.559801711087528,-0.06330662908227781,340,0
705,706,2,1,7,0,1,1,13.154153,-0.6100831270142051,0.6570738092600734,-0.5126300337598043,349,0
706,707,2,1,8,0,1,1,15.648347,-0.3609326085653559,1.357816916254855,-0.809991070315541,1153,2
707,708,2,1,9,0,1,1,15.750847,-0.3585794178803764,1.3300269300355059,-0.23405440747345904,441,0
708,709,1,1,10,0,0,1,17.869153,-0.19101970059521348,1.4233256271267998,0.09497520804129533,329,0
709,710,1,1,11,0,1,1,14.486653,-0.5495751439623416,-0.140941395907254,1.170902966639615,282,1
710,711,1,1,12,0,1,1,12.1975,-0.7008912064251698,-0.4188603151802739,-0.18355971313070668,310,0
711,712,1,1,12,0,1,2,12.129153,-0.7125096243839243,-0.668984483964063,-0.06966680319840429,425,0
712,713,1,1,12,0,0,2,11.548347,-0.71249487083731,0.07940608611656051,-0.5062291545293343,429,0
713,714,1,1,12,0,0,2,13.290847,-0.5495013762292703,0.11513811022853038,-0.7594047894655164,767,1
714,715,1,1,12,0,1,1,14.8625,-0.4331143353757775,1.0124073498391462,-0.8164733597746971,538,2
715,716,1,1,12,0,1,1,16.126653,-0.31670147581570984,1.3379642036582442,-0.841748182898255,212,1
716,717,1,1,12,0,1,2,16.844153,-0.28642719816318357,0.1905707952638393,0.4114167669454119,433,0
717,718,1,1,12,0,1,2,13.6325,-0.5355629630654182,-0.0039686368113695135,0.03171946035194649,333,0
718,719,1,1,12,0,1,1,13.53,-0.5611788083744819,0.19851283315646007,-0.493671626754454,314,0
719,720,0,1,12,0,0,1,13.393347,-0.6845553419364954,-0.3315121911710933,1.9681736887229022,221,0
720,721,0,1,12,0,0,2,10.899153,-0.9267126792901702,-0.8813899280952567,2.3036143597467125,205,1
721,722,0,1,12,0,1,2,10.079153,-0.8405593438360145,-0.5280383237869276,-0.4873623340312565,408,2
722,723,0,1,12,1,0,1,9.483464,-0.8426654126152046,0.786361801036943,-1.055733951372653,174,1
723,724,0,1,12,1,0,1,11.943464,-0.7114879412808846,0.5170805030592569,-0.12464923639749573,440,0
724,725,0,1,12,0,1,0,9.976653,-0.9849154206835504,0.9389566010745807,1.3796082641558394,9,0
725,726,0,1,12,0,1,1,10.420847,-0.9616453892861591,0.12704878493252034,1.7213989330171904,247,0
726,727,0,1,12,0,0,1,10.386653,-0.8568804547780746,-0.17270478320785435,-0.2595358090523088,644,0
727,728,0,1,12,0,0,1,10.386653,-0.9035237923991575,0.6034757730921185,-0.5758959577277388,159,1
728,729,0,1,12,0,1,2,10.489153,-0.9429895295923874,-0.680895158668053,1.7277184020189735,364,2
729,730,0,1,12,1,0,1,8.849153,-0.9732822491781815,-0.23225815672780414,-0.2658959831684352,439,1
